{
  "Alchemists": "Alchemists",
  "Blacksmiths": "Blacksmiths",
  "Brewers": "Brewers",
  "Butchers": "Butchers",
  "Cooks": "Cooks",
  "Engineers": "Engineers",
  "Falconers": "Falconers",
  "Farmers": "Farmers",
  "Fishermen": "Fishermen",
  "Hunters": "Hunters",
  "Lamplighters": "Lamplighters",
  "Masons": "Masons",
  "Miners": "Miners",
  "Morticians": "Morticians",
  "Navigators": "Navigators",
  "Order": "Order",
  "Ratcatchers": "Ratcatchers",
  "Shepherds": "Shepherds",
  "Union": "Union"
}
