{
  "Venin": "Coagulation [3\" Pulse]\nEnemy models within this pulse that are suffering the poison condition suffer 3 condition DMG.",
  "Vitriol": "Face Your Fear [4\" Pulse]\nEnemy models within this pulse suffer the burning condition.",
  "Tapper": "Old Jake's\nAllocate 2 influence between other friendly guild models within 8\".",
  "Esters": "Soothing Voice [4\" Pulse]\nFriendly models within this pulse remove all conditions they're suffering.",
  "Corker": "Free Bar [4\" Pulse]\nFriendly non-mascot guild models within this pulse gain a beer token.",
  "vDecimate": "Duellist's Lunge\nWhen this model makes a successful attack, it may then make a 1\" dodge directly towards the target of the attack.",
  "Flea": "Animal Treat [Scum, Quaff ]\nTarget named friendly model within 4\" gains +2 TAC.",
  "Friday": "I Shoot Better After a Beer...\nThis model gains +1/+2\" KICK. During a parting blow that targets it, this model gains +1 DEF.",
  "Hooper": "True Grit\nRemove all conditions from this model. This model gains +2 TAC.",
  "Mash": "Batter Up\nOnce during this model’s activation this model may make a pass without spending influence.\nThe pass gains +0/+4\" KICK.",
  "Pintpot": "Come On, Then!\nThe next time this model is hit by an enemy attack or character play that targets this model, before triggering other abilities, the attack or character play is unsuccessful and the hit is ignored.",
  "Spigot": "Time's Called [4\" Aura]\nWhen a friendly guild model starts an advance within this aura, it gains +2\"/+2\" MOV.",
  "vSpigot": "Back to His Best\nThis model gains +2\"/+2\" MOV. Once per turn during its activation, this model may make a kick without spending influence.",
  "Stave": "Explosive Brew\nDuring its activation, this model may use Lob Barrel without spending influence.",
  "Stoker": "Human Ball of Fire\nThis model gains +1\"/+1\" MOV. During this model's advances, models whose bases are touched by its base suffer the burning condition.",
  "Lucky": "Raise the Stakes\nThis model may make a 4\" dodge.",
  "Meathook": "Sanguine Pool [3\" Pulse]\nEnemy models within this pulse suffering the bleed condition suffer -4\"/-4\" MOV.",
  "Rivet": "Protect Those Close [4\" Aura]\nWhile within this aura, friendly models gain Sturdy.\n(Sturdy: Once per turn this model may ignore the first knocked down condition placed upon it.)",
  "Ratchet": "Overclocked\nChoose a friendly Mechanica model within 4\". During its next activation, the chosen model may sprint or charge without spending influence.",
  "Salvo": "Locked & Loaded\nOnce during its activation, this model may use a character play without spending influence.",
  "Peck": "When the Cock Crows... [4\" Pulse]\nFriendly models within this pulse may remove all conditions they’re suffering.",
  "Jac": "Trident Tested [3\" Pulse]\nModels within this pulse suffer a 2\" push directly away from this model.",
  "Theron": "Blessing of the Sun Father\nOnce during its activation, target friendly model within 6\" may use a character play without spending influence.",
  "Hearne": "Blessing of the Sun Father\nOnce during its activation, target friendly model within 6\" may use a character play without spending influence.",
  "vMinx": "Blessing of the Sun Father\nOnce during its activation, target friendly model within 6\" may use a character play without spending influence.",
  "Chisel": "Intensity\nOnce during its activation, this model may use a character play without spending influence.",
  "Tower": "Protect Those Close [4\" Aura]\nWhile within this aura, friendly models gain Sturdy.\n(Sturdy: Once per turn this model may ignore the first knocked down condition placed upon it.)",
  "Scalpel": "Unnatural Stamina\nOnce during its activation, this model may use Second Wind without spending influence.",
  "vGraves": "Packmaster [Squeak, Vileswarm]\nTarget named friendly model within 4\" is allocated 2 influence.",
  "vRage": "Bloody Coin\nTarget friendly model within 4\" gains +1 TAC and +1 DMG to playbook damage results while attacking an enemy model that’s engaged by another friendly model.",
  "Fangtooth": "Fangtooth Unleashed\nThis model suffers 4 DMG and gains +2\"/+2\" MOV and +1 DMG to character plays that cause damage and to playbook damage results.",
  "Rage": "Intensity\nOnce during its activation, this model may use a character play without spending influence.",
  "Fathom": "Waverunner\nIf this model is within 1\" of one or more pieces of terrain it may immediately make a 4\" dodge.",
  "sSpigot": "Reading the Game\nTarget friendly model within 6\" may immediately make a pass without spending influence.",
  "Piper": "Distracting Tune\nChoose an enemy model within 4\". The chosen model suffers a 2\" push."
}
