{
  "Midas": "Magnum Opus [6\" Pulse]\nEnemy models within this pulse suffer the burning and poison conditions. Friendly models within this pulse gain Fulmination.",
  "Smoke": "Chemical Shower [6\" Pulse]\nEnemy models within this pulse suffering the burning or poison condition suffer 3 condition DMG.",
  "Soma": "Gimme Fire! [6\" Pulse]\nEnemy models within this pulse suffer the burning condition. Replace this model’s stat card with Pneuma’s stat card.",
  "Anvil": "Tested Mettle [6\" Aura]\nThis model gains Stoic.\n\nIf this model has the Captain model type, while within this aura other friendly Master models gain Stoic and friendly Apprentice models gain Tough Hide.\n(Stoic: This model may ignore the first push that it suffers each turn.)",
  "Burnish": "Covering Fire\nThis model may use a character play once during its activation without spending influence.\n\nIf this model has the Captain model type, its Reinforced Plating becomes a 6\" aura and may be used twice instead of only once.",
  "Culverin": "Batten Down The Hatches [6\" Pulse]\nFriendly models within this pulse may remove any conditions they're currently suffering.\n\nIf this model has the Captain model type, friendly models within this pulse may recover 3 HP.",
  "Farris": "Ride Off [6\" Aura]\nThis model gains +1/+0\" KICK and once during its activation may make a kick without spending influence.\n\nIf this model has the Captain model type, while within this aura, friendly models gain +1/+0\" KICK and may make a kick once during their activations without spending influence.",
  "Ferrite": "Tong in Cheek [6\" Pulse]\nThis model gains +2\"/+2\" MOV.\n\nIf this model has the Captain model type, friendly models within this pulse also gain +2\"/+2\" MOV.",
  "Furnace": "Tempered Steel [6\" Aura]\nThis model gains +1 TAC.\n\nIf this model has the Captain model type, while within this aura other friendly models gain +1 TAC and Searing Strike.",
  "Hearth": "Armoury [6\" Aura]\nThis model’s melee zone is 3\".\n\nIf this model has the Captain model type, it may use Instruction three times during its activation without spending influence, and while within this aura other friendly models’ melee zones are 2\".",
  "Ox": "Get 'Em Lads! [6\" Aura]\nWhile within this aura, friendly guild models gain +1 DMG to character plays that cause damage and to playbook damage results.\nWhile within this aura, enemy models suffer -1 ARM.",
  "Fillet": "Exsanguinate [6\" Pulse]\nEnemy models within this pulse suffering the bleed condition suffer 3 condition DMG.",
  "vBoar": "Chop Chop! [6\" Aura]\nWhile within this aura, other friendly models gain Furious.",
  "Ballista": "Breach!\nDuring its activation, this model gains +0/+4\" KICK and may make a kick without spending influence. When this model makes a kick, the kick ignores intervening models.",
  "Nomad": "Wherever I May Roam\nChoose a terrain piece within 4\". This model is immediately placed in base contact with the chosen terrain piece.",
  "Thresher": "Against the Grain [6\" Pulse]\nOnce during this model’s activation, it may use a character play without spending influence. Friendly models within this pulse gain Life Drinker.\n(Life Drinker: When it damages one or more enemy models with a playbook damage result, this model may recover 1 HP.)",
  "Grange": "Huge Tracts of Land [6\" Aura]\nThis model may immediately place up to two friendly harvest markers within this aura. While within this aura, friendly guild models gain Sturdy.\n(Sturdy: This model may ignore the first knocked down condition placed upon it each turn.)",
  "Festival": "Line Dancing [6\" Pulse]\nChoose an edge of the pitch. Friendly models within this pulse suffer a 5\" push directly towards the chosen edge.",
  "vHonour": "Surpassing Strategy\nTarget friendly non-Captain model within 4\" may immediately make a jog.",
  "Shark": "Caught in a Net [6\" Pulse]\nEnemy models within this pulse suffer -4\"/-4\" MOV.",
  "Corsair": "Hook, Line, and Sinker [6\" Pulse]\nEnemy models within this pulse suffer a 6\" push directly towards this model.",
  "Yukai": "Cormorant’s Calling\nChoose another unengaged friendly model within 10\" of this model. Place the chosen model within 10\" of this model.",
  "Hag": "Call of the Sea [4\" Pulse]\nThis model suffers 1 DMG for each other model within this pulse. Enemy models within this pulse suffer a 2\" push. Other friendly models within this pulse may make a 2\" dodge.",
  "Skatha": "Winter's Night [6\" Aura]\nWhen a friendly model within this aura makes a successful attack, the friendly model may add an additional < playbook result.",
  "Steeljaw": "Perfect Positioning [6\" Pulse]\nThis model may immediately remove any number of friendly trap markers from the pitch. It may then place up to 5 friendly trap markers within this pulse.",
  "Zarola": "The Power of Voodoo\nTarget friendly model within 6\" may immediately make a jog.",
  "Honour": "Topping Out! [6\" Pulse]\nChoose one effect:\n• Friendly models within this pulse gain +1 ARM\n• Friendly models within this pulse are allocated 1 influence",
  "Hammer": "Hammer Time! [6\" Aura]\nWhen another friendly guild model starts its activation within this aura, the friendly model may choose one of the following benefits:\n• +2\"/+2\" MOV\n• +1 DMG to Playbook damage results",
  "Corbelli": "Playing the Game\nChoose a free ball within 6\" of this model. This model immediately gains possession of the free ball.",
  "Obulus": "Rigor Mortis\nThe enemy team loses all current MP, and the friendly team gains MP equal to the amount lost by the enemy team.",
  "Mourn": "Haunting Gaze [6\" Aura]\nEnemy models that begin an advance within this aura may only move towards this model during that advance.",
  "Casket": "Casket Time\nThe next time this model inflicts the taken out condition on an enemy Human model, the friendly team scores an additional 2 VP. In addition, the taken out model may not return to the pitch during the next Maintenance Phase.",
  "Gaffer": "Handy Listener, Such As You Are [6\" Aura]\nWhen an enemy model spends MP while within this aura, the friendly team gains 1 MP.",
  "vHemlocke": "The Power of Voodoo\nTarget friendly model within 6\" may immediately make a jog.",
  "Blackheart": "Strike from the Shadows [6\" Pulse]\nChoose one effect:\n• Friendly models within this pulse gain +1 DEF.\n• Friendly models within this pulse make a 2\" dodge.",
  "vRage": "My Gang [6\" Aura]\nWhile within this aura, friendly models gain +1 TAC and +1 DMG to playbook damage results while attacking an enemy model that’s engaged by another friendly model.\nMy Gang isn't cumulative with Bloody Coin.",
  "Wellington": "Master Chef [Aura 6\"]\nWhile within this aura each friendly model may use a character play once during its activation without spending influence.",
  "Devana": "Daughter of Falcons [6\" Pulse]\nEnemy models within this pulse suffer 3 DMG and the snared condition.",
  "Shaft": "We’re Going Underground [6\" pulse]\nFriendly models within this pulse may be placed within 2\" of their current location.",
  "Fissure": "Tremor Mine\nChoose a free ball within 8\" of this model and remove it from the pitch. This model’s controlling player resolves a goal kick.",
  "Windfinder": "Perfect Course [6\" Pulse]\nFor each enemy model within this pulse, a friendly model within this pulse may make a 4\" dodge. Each friendly model can move only once as a result of Perfect Course.",
  "sBrisket": "Worthy Sacrifice [6\" Aura]\nPlace this model in base contact with another friendly model within 6\". The other friendly model may then make a 6\" dodge.",
  "Grace": "Reclamation\nIf Ball of Light is in effect for the friendly team, this model gains possession of the friendly Ball of Light.",
  "Piper": "Swarm’s Obedience [8\" Pulse]\nChoose either the friendly or the enemy goalpost. Models within this pulse suffer a 3\" push directly towards the chosen goalpost.",
  "Squeak": "The Rat King\nChoose a free ball within 8\" of this model and remove it from the pitch. This model’s controlling player resolves a goal kick.",
  "Herder": "Rest Up!\nChoose another friendly model within 4\". The friendly model suffers the taken out condition. The enemy team does not gain VP from this take out.",
  "Nightlight": "Eternal Flame [6\" Pulse]\nAll models within this pulse suffer the Burning condition.\nEnemy models within this pulse suffer 3 damage."
}
