{
  "Midas": "Midas",
  "Smoke": "Smoke",
  "Soma": "Soma",
  "Pneuma": "Pneuma",
  "Flask": "Flask",
  "Naja": "Naja",
  "Calculus": "Calculus",
  "vCalculus": "Calculus",
  "Crucible": "Crucible",
  "Kami": "Kami",
  "Katalyst": "Katalyst",
  "vKatalyst": "Katalyst",
  "Mercury": "Mercury",
  "Venin": "Venin",
  "Vitriol": "Vitriol",
  "Compound": "Compound",
  "Anvil": "Anvil",
  "Burnish": "Burnish",
  "Culverin": "Culverin",
  "Farris": "Farris",
  "Ferrite": "Ferrite",
  "Furnace": "Furnace",
  "Hearth": "Hearth",
  "Alloy": "Alloy",
  "Bolt": "Bolt",
  "Cast": "Cast",
  "Cinder": "Cinder",
  "vCinder": "Cinder",
  "Cutlass": "Cutlass",
  "Iron": "Iron",
  "Sledge": "Sledge",
  "Tapper": "Tapper",
  "Esters": "Esters",
  "Corker": "Corker",
  "Scum": "Scum",
  "Quaff": "Quaff",
  "vDecimate": "Decimate",
  "Flea": "Flea",
  "Friday": "Friday",
  "Hooper": "Hooper",
  "Mash": "Mash",
  "Pintpot": "Pintpot",
  "Spigot": "Spigot",
  "vSpigot": "Spigot",
  "Stave": "Stave",
  "Stoker": "Stoker",
  "Lucky": "Lucky",
  "Ox": "Ox",
  "Fillet": "Fillet",
  "vBoar": "Boar",
  "Princess": "Princess",
  "Truffles": "Truffles",
  "Boar": "Boar",
  "Boiler": "Boiler",
  "Brisket": "Brisket",
  "vBrisket": "Brisket",
  "vGutter": "Gutter",
  "Layne": "Layne",
  "Meathook": "Meathook",
  "vOx": "Ox",
  "Shank": "Shank",
  "Tenderiser": "Tenderiser",
  "Ballista": "Ballista",
  "PinVice": "Pin Vice",
  "Rivet": "Rivet",
  "Mainspring": "Mainspring",
  "Mother": "Mother",
  "Colossus": "Colossus",
  "vHarrietTheHat": "Harriet ‘the Hat’",
  "Hoist": "Hoist",
  "Locus": "Locus",
  "Nomad": "Nomad",
  "Ratchet": "Ratchet",
  "Salvo": "Salvo",
  "Velocity": "Velocity",
  "vVelocity": "Velocity",
  "Thresher": "Thresher",
  "Grange": "Grange",
  "Festival": "Festival",
  "Peck": "Peck",
  "Buckwheat": "Buckwheat",
  "Amber": "Amber",
  "Bushel": "Bushel",
  "Fallow": "Fallow",
  "Harrow": "Harrow",
  "vHonour": "Honour",
  "Jackstraw": "Jackstraw",
  "Millstone": "Millstone",
  "Ploughman": "Ploughman",
  "Tater": "Tater",
  "Windle": "Windle",
  "Shark": "Shark",
  "Corsair": "Corsair",
  "Yukai": "Yukai",
  "Salt": "Salt",
  "Tentacles": "Tentacles",
  "Angel": "Angel",
  "Greyscales": "Greyscales",
  "Hag": "Hag",
  "Jac": "Jac",
  "Knuckles": "Knuckles",
  "Kraken": "Kraken",
  "Sakana": "Sakana",
  "vSakana": "Sakana",
  "Siren": "Siren",
  "vSiren": "Siren",
  "Theron": "Theron",
  "Skatha": "Skatha",
  "Steeljaw": "Steeljaw",
  "Fahad": "Fahad",
  "Snow": "Snow",
  "Chaska": "Chaska",
  "Edge": "Edge",
  "Egret": "Egret",
  "Hearne": "Hearne",
  "vHearne": "Hearne",
  "Jaecar": "Jaecar",
  "vMinx": "Minx",
  "Seenah": "Seenah",
  "Ulfr": "Ulfr",
  "Zarola": "Zarola",
  "Honour": "Honour",
  "Hammer": "Hammer",
  "Corbelli": "Corbelli",
  "Marbles": "Marbles",
  "Wrecker": "Wrecker",
  "Brick": "Brick",
  "Champ": "Champ",
  "Chisel": "Chisel",
  "vChisel": "Chisel",
  "Flint": "Flint",
  "Granite": "Granite",
  "Harmony": "Harmony",
  "vHarmony": "Harmony",
  "Mallet": "Mallet",
  "Tower": "Tower",
  "Obulus": "Obulus",
  "Scalpel": "Scalpel",
  "Mourn": "Mourn",
  "Dirge": "Dirge",
  "Vileswarm": "Vileswarm",
  "Bonesaw": "Bonesaw",
  "Brainpan": "Brainpan",
  "Memory": "Memory",
  "Casket": "Casket",
  "Cosset": "Cosset",
  "Gaffer": "Gaffer",
  "Ghast": "Ghast",
  "Graves": "Graves",
  "vGraves": "Graves",
  "vHemlocke": "Hemlocke",
  "Silence": "Silence",
  "Blackheart": "Blackheart",
  "vRage": "Rage",
  "vGreede": "Greede",
  "Coin": "Coin",
  "Strongbox": "Strongbox",
  "Avarisse": "Avarisse",
  "Greede": "Greede",
  "Decimate": "Decimate",
  "Fangtooth": "Fangtooth",
  "Gutter": "Gutter",
  "Hemlocke": "Hemlocke",
  "Minx": "Minx",
  "Rage": "Rage",
  "Snakeskin": "Snakeskin",
  "Wellington": "Wellington",
  "Pepper": "Pepper",
  "Cinnamon": "Cinnamon",
  "Roast": "Roast",
  "Spice": "Spice",
  "Sugar": "Sugar",
  "Devana": "Devana",
  "Frelsi": "Frelsi",
  "Ikaros": "Ikaros",
  "Mataagi": "Mataagi",
  "Minerva": "Minerva",
  "Rundaas": "Rundaas",
  "Shaft": "Shaft",
  "Digger": "Digger",
  "Fissure": "Fissure",
  "Fuse": "Fuse",
  "Mule": "Mule",
  "Spade": "Spade",
  "Windfinder": "Windfinder",
  "Wander": "Wander",
  "Azimuth": "Azimuth",
  "Ebb": "Ebb",
  "Fathom": "Fathom",
  "Horizon": "Horizon",
  "sBrisket": "Brisket",
  "Pride": "Pride",
  "Benediction": "Benediction",
  "vFangtooth": "Fangtooth",
  "Grace": "Grace",
  "HarryTheHat": "Harry ‘the Hat’",
  "Mist": "Mist",
  "sSpigot": "Spigot",
  "Piper": "Piper",
  "Squeak": "Squeak",
  "Miasma": "Miasma",
  "Pelage": "Pelage",
  "Scourge": "Scourge",
  "Skulk": "Skulk",
  "Herder": "Herder",
  "Babe": "Babe",
  "Crook": "Crook",
  "Hook": "Hook",
  "Lamb": "Lamb",
  "Ram": "Ram",
  "Shearer": "Shearer",
  "Nightlight": "Nightlight",
  "Soot": "Soot",
  "Beacon": "Beacon",
  "Wick": "Wick",
  "Heat": "Heat",
  "Phosphor": "Phosphor"
}
