{
  "Where'd They Go?": "This model may make a 4\" dodge.",
  "Lure of Gold": "Target other friendly guild model may make a jog towards this model.",
  "Chemical Breeze": "Choose one:\n• Enemy models within 3\" of target friendly guild model suffer the burning condition.\n• Enemy models within 3\" of target friendly guild model suffer the poison condition.",
  "Infuse": "Target enemy model that is currently suffering the burning or poison condition suffers 3 condition DMG.",
  "Smoke Bomb": "Position an ongoing effect AOE within range.\nWhile within this AOE, models gain cover.",
  "Nitro!": "6\" Pulse. Friendly guild models within this pulse may make any number of 1” dodges, up to a total of 6” of movement between all friendly guild models.",
  "Raging Fire": "Target friendly guild model gains Inferno.\n(Inferno: When this model makes a successful attack, the target enemy model suffers the burning condition. Then enemy models within 2\" of this model suffering the burning condition suffer 1 condition damage.)",
  "Hypnosis": "The next time target enemy model spends influence on an attack, charge, or character play, the enemy model must spend 1 additional influence.",
  "Blind": "Target enemy model suffers -2 TAC, -2/-2\" KICK, and -2\"/-2\" MOV.",
  "Noxious Blast": "Position an ongoing effect AOE within range.\nModels hit suffer 2 DMG and the poison condition.\nModels entering or ending their activations within this AOE suffer the poison condition.",
  "Sticky Bomb": "Position an AOE within range. Enemy models hit suffer -2\"/-2\" MOV and the poison condition.",
  "Acrobatic": "This model may make a 2\" dodge.",
  "Great Balls of Fire": "Target enemy model loses possession of the ball to this model and suffers the burning condition.",
  "Chemical Ordnance": "Choose either the burning or the poison condition. Target enemy model suffers 1 condition DMG and the chosen condition.",
  "Kill the Ball": "Remove target free ball from the pitch. This model’s controlling player resolves a goal kick.",
  "External Combustion": "Target enemy model suffers a 4\" push directly away from this model and 3 DMG, and then enemy models within 3\" of the target model suffer the burning condition.",
  "Ground Pound": "Models within this model’s melee zone suffer a 2\" push directly away from this model, 2 DMG, and the knocked down condition.",
  "Fire Blast": "Position an ongoing effect AOE within range.\nModels hit suffer 2 DMG and the burning condition. Models entering or ending their activations in this ongoing effect AOE suffer the burning condition.",
  "Fire Ball": "Target enemy model suffers 2 DMG and the burning condition.",
  "Acid Rain": "3\" pulse. Enemy models within this pulse suffer the poison condition.",
  "Clone": "The next time this model is hit by an enemy attack or character play that targets this model, before triggering other abilities, the attack or character play is unsuccessful and the hit is ignored.",
  "Horrific Odour": "6\" aura. While within this aura, enemy models must spend 1 additional influence to make a kick.",
  "Singled Out": "Friendly models gain +2 TAC while attacking target enemy model.",
  "While the Iron is Hot": "6\" pulse. Choose either the friendly or the enemy goalpost. Friendly models within this pulse may make a 2\" dodge directly toward the chosen goalpost.",
  "Flame Belch": "Position an ongoing effect AOE within range.\nModels hit suffer 4 DMG and the burning condition.\nModels entering or ending their activations within this AOE suffer the burning condition.",
  "Eye Spy": "Friendly models gain +2 TAC while attacking target enemy model.",
  "Get In the Goal!": "Target friendly model gains Goal Defence.\n(Goal Defence: Enemy models suffer +1 TN to Shots while this model is within 4\" of a friendly goalpost.)",
  "Stagger": "Target enemy model suffers -1 DEF.",
  "Quick Foot": "Target friendly model gains +2\"/+2\" MOV.",
  "Disarm": "Target enemy model suffers -2 TAC.",
  "Weak Point": "Target enemy model suffers -1 ARM.",
  "One at a Time Lads!": "While within 2\" of target friendly guild model, friendly models ignore the crowding out penalty.",
  "Tooled Up": "Target friendly guild model gains +1 DMG to character plays that cause damage and to playbook damage results.",
  "Instruction": "Target friendly Apprentice model’s next attack gains +2 net hits.",
  "Use This!": "Target friendly guild model’s melee zone is 2\".",
  "Dirty Knives": "Target enemy model suffers -1 DEF, 1 DMG, and the poison condition.",
  "I'm Open!": "Target friendly model may make a pass targeting this model without spending influence.",
  "Shoemerang": "Target other model suffers 2 DMG. Choose an enemy model within 4\" of the target model to suffer the knocked down condition.",
  "Shield Glare": "Target enemy model suffers -1 TAC and -1 DEF.",
  "Fumble": "Target enemy model in possession of the ball loses possession of the ball. Then perform a circular scatter with the template centered on the target model.",
  "Decoy": "This model gains +2 DEF against the next enemy attack or character play made against it.",
  "Impale": "Target enemy model suffers 3 DMG.",
  "Broadside": "This play’s range is measured from the friendly Culverin. Position two ongoing effect AOEs within range. Models hit suffer 2 DMG. This AOE is rough terrain.",
  "Chain Shot": "This play’s range is measured from the friendly Culverin. Target enemy model suffers 3 DMG and the knocked down condition.",
  "Impetus": "This model gains +2\"/+2\" MOV.",
  "Long Bomb": "When this model makes a pass, it gains +0/+4\" KICK for the duration of the action. This pass can’t be intercepted.",
  "Piledriver": "This model’s next attack gains +3 net hits.",
  "Commanding Aura": "4\" aura. While within this aura, friendly guild models gain +1 TAC and +1 DMG to playbook damage results.",
  "Marked Target": "When a friendly model charges target enemy model, the friendly model gains +0\"/+2\" MOV for the duration of the charge.",
  "Voice of Command": "4\" pulse. Friendly models within this pulse suffer a 3\" push directly away from this model.",
  "Iron Fist": "This model gains +1 DMG to playbook damage results.",
  "Tough Skin": "Target friendly model gains +1 ARM.",
  "Whisky Chaser": "The next time target friendly guild model makes a successful attack, the friendly model may add an additional KD playbook result.",
  "Second Wind": "The next time target friendly guild model ends an activation, it may make a 4\" dodge.",
  "Smashed Shins": "Target enemy model suffers -4/-4\" KICK.",
  "Howzat!?": "Target enemy model suffers a 4\" push directly away from this model and the knocked down condition.",
  "Concussion": "Target enemy model loses 1 influence.",
  "Smashing Face": "Models within this model’s melee zone suffer 2 DMG and the bleed condition.",
  "Ball's Gone!": "Target enemy model loses possession of the ball to this model, which may then make a pass without spending influence.",
  "Goad": "While this model is on the pitch, target enemy model may only move directly towards this model while advancing.",
  "Lob Barrel": "Position an AOE within range. Models hit suffer a 3\" push directly away from the centre of this AOE and the knocked down condition.",
  "Molotov": "Position an ongoing effect AOE within range.\nModels hit suffer the burning condition.\nModels entering or ending their activations\nwithin this AOE suffer the burning condition.",
  "Flame Jet": "Target enemy model suffers the burning condition and 3 DMG.",
  "Sleight of Hand": "Target friendly model may remove any conditions it is currently suffering.",
  "They Ain't Tough!": "Target enemy model suffers -1 ARM.",
  "Butchery": "Friendly models gain +1 DMG to playbook damage results while attacking target enemy model.",
  "Blood Rain": "Target enemy model suffers 2 DMG. Enemy models within 3\" of the target model suffer the bleed condition.",
  "Pain Circle": "Position an ongoing effect AOE within range.\nModels hit suffer 1 DMG and the bleed condition.\nModels entering or ending their activations\nwithin this AOE suffer the bleed condition.",
  "Rabid Animal": "Target enemy model suffers -4\"/-4\" MOV and the poison condition.",
  "Axe Throw": "Target enemy model suffers 3 DMG.",
  "Super Shot": "This model gains +1/+2\" KICK.",
  "Quick Time": "Target friendly model may make a 2\" dodge.",
  "Route One": "This model may make a jog directly towards target enemy model.",
  "Scything Blow": "Models within this model’s melee zone suffer 3 DMG.",
  "Whirling Chains": "4\" pulse. Enemy models within this pulse suffer a 4\" push directly towards this model.",
  "Thousand Cuts": "Target enemy model suffers -2 DEF and 1 DMG.",
  "Chef's Special": "While within 4” of target friendly model, friendly guild models gain +1 DMG to character plays that cause damage and to playbook damage results.",
  "Get Set, BAKE!": "When starting an advance while within 2\" of target friendly model, friendly models gain +2\"/+2\" MOV.",
  "Get It While It's Hot": "While within 2\" of target friendly model, friendly models spend 1 less influence to charge.",
  "Turn Up the Heat": "3\" pulse. Enemy models within the pulse suffer the burning condition.",
  "Intensify": "3\" pulse. Enemy models that are suffering conditions and are within the pulse suffer 2 DMG.",
  "Chilli Cook Out": "Position an ongoing effect AOE within range.\nModels hit suffer 4 DMG and the burning condition. Models entering or ending their activation in this ongoing effect AOE suffer the burning condition.",
  "Deadbolt": "Target enemy model suffers a 2\" push directly away from this model, the knocked down condition, and 3 DMG.",
  "Minefield": "4\" aura. Enemy models starting an advance within this aura or entering it as part of an advance suffer 4 DMG. This aura triggers only once per advance.",
  "Controller": "When this model's activation ends, target friendly guild model may immediately take its activation if able to do so.",
  "Alternator": "Target friendly guild model gains +2\"/+2\" MOV.",
  "Deletion": "Target friendly guild model gains +1 DMG to playbook damage results.",
  "Elbow Grease": "Target friendly model’s non-momentous playbook damage results are momentous.",
  "Thief": "Target enemy model loses possession of the ball to this model.",
  "Burrow": "Place this model in base contact with target friendly nest marker.",
  "Unexpected Arrival": "3\" pulse. Enemy models within this pulse suffer a 4\" push directly away from this model.",
  "Sucker Punch": "Target enemy model suffers 2 DMG.",
  "Destructive Impulse": "Target enemy model suffers 2 DMG and a 2\" push.",
  "Remote Control": "Target free ball. This model may make a kick without spending influence as if it were in possession of the ball. The kick distance and ball path of this kick are measured from the current location of the free ball.",
  "Spark": "Target enemy model suffers 2 DMG and -1 ARM.",
  "Blast Earth": "Position an ongoing effect AOE within range.\nModels hit suffer 2 DMG. This AOE is rough terrain.",
  "Arrow to the Knee": "Target enemy model suffers -2/-2\" KICK and 2 DMG.",
  "Floored Bolt": "Target enemy model suffers the knocked down condition and 2 DMG.",
  "Tether Ball": "This model gains possession of target free ball.",
  "Nimble": "This model gains +1 DEF.",
  "Air Mail": "This model may make a pass without spending influence. This pass gains +0/+6\" KICK.",
  "Deadly Wings": "Choose a friendly Harrier AOE. The chosen AOE may be positioned within 4\" of its current location.",
  "Hack Back [Frelsi]": "The named friendly model may make a dodge up to its base-move.",
  "Harrier": "Position an ongoing effect AOE within range.\nEnemy models within this AOE suffer +1 DMG from character plays that cause damage and from playbook damage results.",
  "Taking Flight": "This model may immediately make a jog. It gains +2/+2 MOV for the duration of the advance.",
  "Snap Fire": "Target enemy model suffers 1 DMG.",
  "Constitution": "4\" aura. While within this aura, friendly models gain Tough Hide.\n(Tough Hide: This model suffers -1 DMG from enemy plays and playbook damage results.)",
  "Help 'Em Out": "4” aura. While within this aura, friendly models gain Close Ranks.\n(Close Ranks: When this model causes an enemy model to suffer the crowding out penalty, the enemy model suffers an additional -1 dice pool.)",
  "Scything March": "This model’s melee zone is 3\".",
  "Hare in the Field": "Position an AOE within range. Other friendly models within this AOE may make a 2” dodge.",
  "Our Tools Are Sharp": "Target friendly model’s playbook damage results inflict condition damage.",
  "Cocksure": "Target friendly model may ignore the next condition that it suffers except the taken out condition.",
  "Swerve Shot": "This model ignores intervening models when making a kick.",
  "Get Stuck In!": "This model gains Rowdy.\n(Rowdy: This model doesn’t suffer crowding out penalties.)",
  "Sow the Seeds": "This model may place a friendly harvest marker within 2\".",
  "At Your Post": "Place this model in base contact with target friendly harvest marker.",
  "Crop Dusting": "Position an AOE within range. Models hit suffer 2 DMG. This model may place two friendly harvest markers within the AOE.",
  "Broken Earth": "4\" aura. Enemy models treat this aura as rough terrain.",
  "Mow Down": "Target enemy model suffers the knocked down condition. Other models within this model’s melee zone suffer the knocked down condition.",
  "Snack Break": "This model recovers 6 HP.",
  "Tidal Surge": "Target model may make a 4\" dodge. The target model is a friendly model during this action.",
  "Drag": "Target enemy model suffers a 6\" push directly towards this model.",
  "Rough Seas": "Target enemy model loses possession of the ball to this model.",
  "Swirling Waters": "Target friendly model may make a 2\" dodge. A model can be affected by this character play only once per turn.",
  "Break the Surface": "Target enemy model or free ball within range. Place the target model or free ball within 4\" of its current location.",
  "Fisher's Reel": "Target other friendly model may make a 2\" dodge. A model can be affected by this character play only once per turn.",
  "Heavy Tackle": "Target enemy model loses possession of the ball to this model and suffers the knocked down condition.",
  "Fancy Footwork": "Target enemy model loses possession of the ball to this model.",
  "Raise the Black Flag": "Target enemy model suffers -2\"/-2\" MOV. Choose a friendly model within 6\". The chosen model gains +2\"/+2\" MOV.",
  "Lure": "Target enemy model makes a jog directly towards this model. The target model is a friendly model during this action.",
  "Seduced": "Target enemy model makes a pass or declares an attack without spending influence. The target model is a friendly model during this action.",
  "Dread Gaze": "Target enemy model suffers a 2\" push directly away from this model and the knocked down condition.",
  "Fair Wind": "Target free ball is placed within 4\" of its current location.",
  "Pinned": "Target enemy model suffers 2 DMG. While this model is on the pitch, the target enemy model may only move directly towards this model while advancing.",
  "Sun Strike": "When target friendly model hits one or more enemy models with a character play, after resolving the play the friendly team gains 1 MP.",
  "Blessing of the Moon Goddess": "The next time target friendly model makes a successful attack, the friendly model may add an additional << playbook result.",
  "Cold Snap": "Position an AOE within range. Models hit suffer 2 DMG and the snared condition.",
  "Snowball": "Place an additional ball in this model's possession. When this ball is used to score a goal, the friendly team gains 1 VP instead of 4 VP. At the end of this model’s activation, remove this ball from the pitch.",
  "Bait": "Position an AOE within range. This model may place two friendly trap markers within the AOE. Enemy models hit suffer a 1\" push.",
  "Feral Instincts": "Target friendly model gains Anatomical Precision.\n(Anatomical Precision: During an attack from this model enemy models suffer -1 ARM.)",
  "Boom Box": "Target enemy model suffers a 4\" push directly away from this model and 4 DMG.",
  "Entangle": "Target enemy model suffers the snared condition.",
  "Flurry": "Models within 2\" of target enemy model suffer 2 DMG.",
  "Skewered": "Target enemy model suffers 3 DMG and the snared condition.",
  "Gut & String": "Target enemy model suffers -2\"/-2\" MOV and -1 DEF.",
  "Marked for Death": "A friendly model that declares a charge against an enemy model that’s within this model’s melee zone spends 1 less influence and gains +0\"/+2\" MOV for the duration of the charge.",
  "More Teeth!": "This model may place a friendly trap marker within 2\".",
  "The Mauling": "2\" pulse. Other models within this pulse suffer a 4\" push directly away from this model and 3 DMG.",
  "Chain Bolas": "Target enemy model suffers 2 DMG and the snared condition.",
  "Superior Strategy": "Target friendly model gains an additional activation.",
  "Dummy Pass": "Target other friendly guild model may make a 4\" dodge.",
  "Towering Presence": "4\" aura. While within this aura, other friendly guild models may spend 1 less MP to use Pass & Move or make a Snap Shot.",
  "Fulcrum": "6\" aura. While within this aura, friendly models gain Poised.\n(Poised: Once per turn this model may declare a Counter-Attack without spending MP.)",
  "Hold the Ball!": "Target friendly model gains Close Control.\n(Close Control: This model may ignore the first tackle playbook result that it suffers each turn.)",
  "Squad Tactics": "Target other friendly guild model gains Assist [Chisel].\n(Assist [Chisel]: While attacking an enemy model engaged by the named friendly model, this model gains +1 TAC and +1 DMG to playbook damage results.)",
  "Lodestone": "Choose one:\n• Other models within 4\" of target enemy  model suffer a 2\" push directly towards target  enemy model.\n• Other models within 4\" of target enemy  model suffer a 2\" push directly away from  target enemy model.",
  "Diggy Hole": "This model may be placed within 2\" of its current location.",
  "Grinding Tracks": "During this model’s advances, enemy models whose bases are touched by its base immediately suffer the knocked down condition. Each enemy model may only suffer the knocked down condition once per turn from Grinding Tracks.",
  "Sinkhole": "3\" pulse. Enemy models within this pulse suffer a 3\" push directly towards this model. This model may then be placed within 2” of its current location.",
  "Clear!": "Position an AOE within range. Enemy models hit are placed within 1\" of their current location.",
  "Under the Lines": "Choose an enemy model within 3\". Place this model in base contact with the chosen enemy model.",
  "Lockdown": "Target enemy model suffers -4\"/-4\" MOV.",
  "Throw": "Target enemy model is placed within 1\" of its current location.",
  "Controlled Explosion": "Choose an enemy model within 6\". The chosen model suffers a 2\" push.",
  "Confidence": "Target friendly model may reroll any number of dice during its next attack or character play during its activation.",
  "Misdirection": "Target enemy model with at least 1 influence loses 1 influence. Allocate 1 influence to another friendly guild model within 4\" of this model.",
  "Puppet Master": "Target model may make a jog, make a pass, or declare an attack without spending influence. The target model is a friendly model during this action.",
  "Spirit Bomb": "Position an AOE within range. Enemy models hit suffer 2 DMG and a 2\" push.",
  "Malice": "Target friendly model gains +2 TAC.",
  "Hollowed": "Target friendly model gains Empathy.\n(Empathy: While attacking this model, playbook damage results don’t generate MP.)",
  "Scatter": "Place this model within 1\" of its current location.",
  "Meditation": "This model may reroll any number of dice during its next kick.",
  "Puppet Show [Memory]": "Target named friendly model may either declare an attack without spending influence or make a 2\" dodge.",
  "Pulling the Strings [Memory]": "Target named friendly model may make a kick without spending influence.",
  "Ghostly Visage": "Position an ongoing effect AOE within range.\nWhen an enemy model declares a charge against a friendly model within this AOE, the enemy model suffers -0\"/-4\" MOV and -2 TAC for the duration of the charge.",
  "Heavy Burden": "Target enemy model suffers -4\"/-4\" MOV and -2 to its dice pool when making character plays.",
  "Screeching Banshee": "Target enemy model suffers -1 DEF and 2 DMG.",
  "Red Fury": "Target friendly model may declare an attack without spending influence.",
  "The Unmasking": "3\" pulse. Other models within this pulse suffer a 4\" push directly away from this model and 3 DMG.",
  "Exhaustion": "4\" aura. While within this aura, enemy models spend +1 MP to declare a Counter-Attack.",
  "Smelling Salts": "Position an AOE within range. Friendly models within this AOE remove any conditions they're currently suffering.",
  "Shutout": "If target enemy model hasn't activated this turn, it must be the last model the enemy team activates.",
  "Tucked": "If target enemy model hasn't activated this turn, it must be the next model the enemy team activates.",
  "Guide": "Target friendly model may make a 4\" dodge towards this model.",
  "Full Speed Ahead": "Target friendly model gains +0\"/+2\" MOV and may sprint or charge without spending influence during its activation.",
  "Netted": "Target enemy model suffers the knocked down condition.",
  "Grasping Earth": "Target enemy model suffers -2\"/-2\" MOV.",
  "Sprung a Leak": "Position an AOE within range. Models hit suffer 2 DMG and -2 ARM.",
  "With Aplomb": "The next time this model scores a goal, the friendly team gains +1 VP.",
  "Predatory Gaze": "While this model is within 10\" of a friendly goalpost, enemy models must spend 1 additional influence to make a Shot.",
  "Braced": "This model gains +2 ARM against the next enemy attack that targets it.",
  "Stand Firm": "Target friendly model gains Sturdy.\n(Sturdy: This model may ignore the first knocked down condition that it suffers each turn.)",
  "Healing Light": "Position an AOE within range. Friendly models within this AOE recover 3 HP.",
  "Pay the Piper": "6\" aura. When an enemy model spends MP while within this aura, the friendly team gains 1 MP.",
  "Reverie": "Target other friendly model may make a sprint and a Shot without spending influence.",
  "Dreadful Shriek": "Target enemy model makes a jog. The target model is a friendly model during this action.",
  "Erupting Sores": "2\" pulse. The opposing player chooses one of the following:\n• Enemy models within this pulse suffer 2 DMG and the poison condition.\n• Enemy models within this pulse suffer 2 DMG and the bleed condition.",
  "Rataclysm": "Position an AOE within range. Models hit suffer 3 DMG and the disease condition.",
  "Pest Control": "While within this model’s melee zone, enemy models suffer -1/-2\" KICK.",
  "On My Mark": "Target other friendly model may make a pass without spending influence.",
  "Baa Ram Ewe": "Target enemy model suffers a 2\" push.",
  "Droppings": "This model may place a friendly harvest marker within 2\".",
  "Away to Me": "This model may make a 4\" dodge away from the friendly Hook.",
  "Come Bye": "This model may make a 4\" dodge away from the friendly Crook.",
  "Warming Oven": "Target friendly model recovers 4 HP.",
  "Guard the Flock": "Target friendly model gains Protective Instinct.\n(While engaging this model, an enemy model can't declare an attack against any other friendly model.)",
  "Forward, Minions!": "6\" aura. When a friendly model starts an advance within this aura, it gains +2\"/+2\" MOV for the duration of the advance.",
  "Persuasion": "Target other model suffers a 2\" push. Each model may only be affected by this character play once per turn.",
  "Constrict": "Target enemy model suffers -4\"/-4\" MOV.",
  "Chain Grab": "Target enemy model suffers a 6\" push directly towards this model.",
  "Lens Flare": "When target enemy model generates a TN dice pool, modifiers and Bonus Time may not increase the total dice pool more than the model's:\n- Unmodified TAC, while performing an attack.\n- Unmodified base KICK, while performing a kick.",
  "Relight the Fire": "Models within 3\" of target friendly model suffer the burning condition.",
  "Burn Baby Burn": "This model and target enemy model both suffer the burning condition.",
  "Alchemical Bomb": "Position an AOE within range.\nModels hit suffer 2 condition DMG and the burning and poison conditions.",
  "Pupper Master": "Target Animal model may make a jog, make a pass or declare an attack without spending influence. The target model is a friendly model during this action.",
  "Pig Stickin'": "Target enemy model suffers 2 DMG and a 2\" push directly towards this model."
}
