{
  "Where'd They Go?": "Where'd They Go?",
  "Lure of Gold": "Lure of Gold",
  "Chemical Breeze": "Chemical Breeze",
  "Infuse": "Infuse",
  "Smoke Bomb": "Smoke Bomb",
  "Nitro!": "Nitro!",
  "Raging Fire": "Raging Fire",
  "Hypnosis": "Hypnosis",
  "Blind": "Blind",
  "Noxious Blast": "Noxious Blast",
  "Sticky Bomb": "Sticky Bomb",
  "Acrobatic": "Acrobatic",
  "Great Balls of Fire": "Great Balls of Fire",
  "Chemical Ordnance": "Chemical Ordnance",
  "Kill the Ball": "Kill the Ball",
  "External Combustion": "External Combustion",
  "Ground Pound": "Ground Pound",
  "Fire Blast": "Fire Blast",
  "Fire Ball": "Fire Ball",
  "Acid Rain": "Acid Rain",
  "Clone": "Clone",
  "Horrific Odour": "Horrific Odour",
  "Singled Out": "Singled Out",
  "While the Iron is Hot": "While the Iron is Hot",
  "Flame Belch": "Flame Belch",
  "Eye Spy": "Eye Spy",
  "Get In the Goal!": "Get In the Goal!",
  "Stagger": "Stagger",
  "Quick Foot": "Quick Foot",
  "Disarm": "Disarm",
  "Weak Point": "Weak Point",
  "One at a Time Lads!": "One at a Time Lads!",
  "Tooled Up": "Tooled Up",
  "Instruction": "Instruction",
  "Use This!": "Use This!",
  "Dirty Knives": "Dirty Knives",
  "I'm Open!": "I'm Open!",
  "Shoemerang": "Shoemerang",
  "Shield Glare": "Shield Glare",
  "Fumble": "Fumble",
  "Decoy": "Decoy",
  "Impale": "Impale",
  "Broadside": "Broadside",
  "Chain Shot": "Chain Shot",
  "Impetus": "Impetus",
  "Long Bomb": "Long Bomb",
  "Piledriver": "Piledriver",
  "Commanding Aura": "Commanding Aura",
  "Marked Target": "Marked Target",
  "Voice of Command": "Voice of Command",
  "Iron Fist": "Iron Fist",
  "Tough Skin": "Tough Skin",
  "Whisky Chaser": "Whisky Chaser",
  "Second Wind": "Second Wind",
  "Smashed Shins": "Smashed Shins",
  "Howzat!?": "Howzat!?",
  "Concussion": "Concussion",
  "Smashing Face": "Smashing Face",
  "Ball's Gone!": "Ball's Gone!",
  "Goad": "Goad",
  "Lob Barrel": "Lob Barrel",
  "Molotov": "Molotov",
  "Flame Jet": "Flame Jet",
  "Sleight of Hand": "Sleight of Hand",
  "They Ain't Tough!": "They Ain't Tough!",
  "Butchery": "Butchery",
  "Blood Rain": "Blood Rain",
  "Pain Circle": "Pain Circle",
  "Rabid Animal": "Rabid Animal",
  "Axe Throw": "Axe Throw",
  "Super Shot": "Super Shot",
  "Quick Time": "Quick Time",
  "Route One": "Route One",
  "Scything Blow": "Scything Blow",
  "Whirling Chains": "Whirling Chains",
  "Thousand Cuts": "Thousand Cuts",
  "Chef's Special": "Chef's Special",
  "Get Set, BAKE!": "Get Set, BAKE!",
  "Get It While It's Hot": "Get It While It's Hot",
  "Turn Up the Heat": "Turn Up the Heat",
  "Intensify": "Intensify",
  "Chilli Cook Out": "Chilli Cook Out",
  "Deadbolt": "Deadbolt",
  "Minefield": "Minefield",
  "Controller": "Controller",
  "Alternator": "Alternator",
  "Deletion": "Deletion",
  "Elbow Grease": "Elbow Grease",
  "Thief": "Thief",
  "Burrow": "Burrow",
  "Unexpected Arrival": "Unexpected Arrival",
  "Sucker Punch": "Sucker Punch",
  "Destructive Impulse": "Destructive Impulse",
  "Remote Control": "Remote Control",
  "Spark": "Spark",
  "Blast Earth": "Blast Earth",
  "Arrow to the Knee": "Arrow to the Knee",
  "Floored Bolt": "Floored Bolt",
  "Tether Ball": "Tether Ball",
  "Nimble": "Nimble",
  "Air Mail": "Air Mail",
  "Deadly Wings": "Deadly Wings",
  "Hack Back [Frelsi]": "Hack Back [Frelsi]",
  "Harrier": "Harrier",
  "Taking Flight": "Taking Flight",
  "Snap Fire": "Snap Fire",
  "Constitution": "Constitution",
  "Help 'Em Out": "Help 'Em Out",
  "Scything March": "Scything March",
  "Hare in the Field": "Hare in the Field",
  "Our Tools Are Sharp": "Our Tools Are Sharp",
  "Cocksure": "Cocksure",
  "Swerve Shot": "Swerve Shot",
  "Get Stuck In!": "Get Stuck In!",
  "Sow the Seeds": "Sow the Seeds",
  "At Your Post": "At Your Post",
  "Crop Dusting": "Crop Dusting",
  "Broken Earth": "Broken Earth",
  "Mow Down": "Mow Down",
  "Snack Break": "Snack Break",
  "Tidal Surge": "Tidal Surge",
  "Drag": "Drag",
  "Rough Seas": "Rough Seas",
  "Swirling Waters": "Swirling Waters",
  "Break the Surface": "Break the Surface",
  "Fisher's Reel": "Fisher's Reel",
  "Heavy Tackle": "Heavy Tackle",
  "Fancy Footwork": "Fancy Footwork",
  "Raise the Black Flag": "Raise the Black Flag",
  "Lure": "Lure",
  "Seduced": "Seduced",
  "Dread Gaze": "Dread Gaze",
  "Fair Wind": "Fair Wind",
  "Pinned": "Pinned",
  "Sun Strike": "Sun Strike",
  "Blessing of the Moon Goddess": "Blessing of the Moon Goddess",
  "Cold Snap": "Cold Snap",
  "Snowball": "Snowball",
  "Bait": "Bait",
  "Feral Instincts": "Feral Instincts",
  "Boom Box": "Boom Box",
  "Entangle": "Entangle",
  "Flurry": "Flurry",
  "Skewered": "Skewered",
  "Gut & String": "Gut & String",
  "Marked for Death": "Marked for Death",
  "More Teeth!": "More Teeth!",
  "The Mauling": "The Mauling",
  "Chain Bolas": "Chain Bolas",
  "Superior Strategy": "Superior Strategy",
  "Dummy Pass": "Dummy Pass",
  "Towering Presence": "Towering Presence",
  "Fulcrum": "Fulcrum",
  "Hold the Ball!": "Hold the Ball!",
  "Squad Tactics": "Squad Tactics",
  "Lodestone": "Lodestone",
  "Diggy Hole": "Diggy Hole",
  "Grinding Tracks": "Grinding Tracks",
  "Sinkhole": "Sinkhole",
  "Clear!": "Clear!",
  "Under the Lines": "Under the Lines",
  "Lockdown": "Lockdown",
  "Throw": "Throw",
  "Controlled Explosion": "Controlled Explosion",
  "Confidence": "Confidence",
  "Misdirection": "Misdirection",
  "Puppet Master": "Puppet Master",
  "Spirit Bomb": "Spirit Bomb",
  "Malice": "Malice",
  "Hollowed": "Hollowed",
  "Scatter": "Scatter",
  "Meditation": "Meditation",
  "Puppet Show [Memory]": "Puppet Show [Memory]",
  "Pulling the Strings [Memory]": "Pulling the Strings [Memory]",
  "Ghostly Visage": "Ghostly Visage",
  "Heavy Burden": "Heavy Burden",
  "Screeching Banshee": "Screeching Banshee",
  "Red Fury": "Red Fury",
  "The Unmasking": "The Unmasking",
  "Exhaustion": "Exhaustion",
  "Smelling Salts": "Smelling Salts",
  "Shutout": "Shutout",
  "Tucked": "Tucked",
  "Guide": "Guide",
  "Full Speed Ahead": "Full Speed Ahead",
  "Netted": "Netted",
  "Grasping Earth": "Grasping Earth",
  "Sprung a Leak": "Sprung a Leak",
  "With Aplomb": "With Aplomb",
  "Predatory Gaze": "Predatory Gaze",
  "Braced": "Braced",
  "Stand Firm": "Stand Firm",
  "Healing Light": "Healing Light",
  "Pay the Piper": "Pay the Piper",
  "Reverie": "Reverie",
  "Dreadful Shriek": "Dreadful Shriek",
  "Erupting Sores": "Erupting Sores",
  "Rataclysm": "Rataclysm",
  "Pest Control": "Pest Control",
  "On My Mark": "On My Mark",
  "Baa Ram Ewe": "Baa Ram Ewe",
  "Droppings": "Droppings",
  "Away to Me": "Away to Me",
  "Come Bye": "Come Bye",
  "Warming Oven": "Warming Oven",
  "Guard the Flock": "Guard the Flock",
  "Forward, Minions!": "Forward, Minions!",
  "Persuasion": "Persuasion",
  "Constrict": "Constrict",
  "Chain Grab": "Chain Grab",
  "Lens Flare": "Lens Flare",
  "Relight the Fire": "Relight the Fire",
  "Burn Baby Burn": "Burn Baby Burn",
  "Alchemical Bomb": "Alchemical Bomb",
  "Pupper Master": "Pupper Master",
  "Pig Stickin'": "Pig Stickin'"
}
