{
  "Fulmination": "Once per turn during this model’s activation, it may remove the burning or poison condition from another model within 4\". If it does, for the remainder of the turn when this model makes a successful attack, it may add an additional < playbook result.",
  "Midas Touch": "When this model makes a successful attack, the target enemy model suffers the burning and poison conditions.",
  "Unpredictable Movement": "Once per turn when an enemy model ends an advance within this model’s melee zone, this model may immediately make a 2\" dodge.",
  "Cloud Jumper": "Once per turn during this model’s activation, it may choose an ongoing effect AOE within 4\" and be placed anywhere within the chosen AOE.",
  "Watch The World Burn": "At the end of this model’s activation, the friendly team gains 1 MP for each enemy model within this pulse that’s suffering the burning or poison condition.",
  "Burning Spirit": "Enemy models entering or starting their activations within this aura suffer the burning condition.",
  "Gimme Fuel...": "While this model is on the pitch, friendly guild models gain Backdraft.\n(◉ Backdraft: When this model declares an attack or charge, it may remove the burning condition from an enemy model within 4\". If it does so, this model gains +2 TAC for the duration of the attack or charge.)",
  "Backdraft": "When this model declares an attack or charge, it may remove the burning condition from an enemy model within 4\". If it does so, this model gains +2 TAC for the duration of the attack or charge.",
  "Furious": "When this model makes a charge during its activation, it may do so without spending influence.",
  "Inferno": "When this model makes a successful attack, the target enemy model suffers the burning condition. Then enemy models within 2\" of this model suffering the burning condition suffer 1 condition damage.",
  "Waning Light": "This model cannot recover HP. When this model suffers the taken out condition, enemy models within this pulse suffer 3 condition DMG and the burning condition. After this model is removed from the pitch, replace this model’s stat card with Soma’s stat card.",
  "Beaker Keeper": "Once per turn during this model’s activation, choose a friendly non-Captain guild model within 4\". The friendly model may use a CST 1 or 2 character play without spending influence once during its activation.",
  "Light Footed": "When this model makes an advance it ignores the MOV penalty for rough terrain.",
  "Overheat": "When this model suffers the taken out condition during the Activation Phase, enemy models within this pulse suffer 3 DMG and the burning condition.",
  "Test Subject": "Once per turn during this model’s activation, it may remove the burning or poison condition from another model within 4\". If it does, this model may then make an attack or use a character play once during its activation without spending influence.",
  "Venomous Strike": "Enemy models damaged by this model suffer the poison condition.",
  "Poisonous Fumes": "Enemy models entering or starting their activations within this aura suffer the poison condition.",
  "Reactive Solution": "Once per turn during this model’s activation, it may remove the burning or poison condition from another model within 4\". If it does, this model may then use a character play once during its activation without spending influence.",
  "Spillage": "When this model makes a kick, enemy models within the pulse suffer the poison condition.",
  "Extraction": "Once per turn during this model’s activation, it may remove the burning or poison condition from another model within 4\". This model may then immediately make a 4\" dodge.",
  "Chemical Admixture": "Enemy models damaged by this model suffer the burning and poison conditions.",
  "Covalence": "While within this aura, enemy models suffering the burning or poison condition must spend an additional +1 MP when they use Rest or are targeted by Encourage.",
  "Anatomical Precision": "During an attack from this model enemy models suffer -1 ARM.",
  "Deadeye": "When this model makes a successful attack, it may add an additional GB playbook result.",
  "Elusive": "Once per turn during this model’s activation, it may remove the burning or poison condition from another model within 4\". If it does, immediately place this model in base contact with the other model.",
  "Burning Effigy": "While suffering the burning condition, this model gains +2 TAC and ignores the MOV penalty for suffering the burning condition.",
  "Burning Strike": "Enemy models damaged by this model suffer the burning condition.",
  "Pyromaniac": "This model starts the game suffering the burning condition. At the start of the End Phase, before conditions are resolved, this model suffers the burning condition.",
  "Burst of Fumes": "After this model resolves a successful attack during its activation, enemy models within 2\" that are suffering the burning or poison condition suffer 1 condition DMG.",
  "Toxicity": "When an enemy model ends an activation engaging this model, the enemy model suffers 2 condition DMG and the poison condition.",
  "Witness Me!": "Once per turn during this model’s activation, when it inflicts the taken out condition on an enemy model, the friendly team gains an additional +2 MP.",
  "Debilitating Strike": "This model gains +2 TAC while attacking enemy models suffering the poison condition.",
  "Melting Body": "While suffering the poison condition, this model gains +1 ARM.",
  "Secretion": "Once per turn during this model’s activation, it may suffer the poison condition.",
  "I've Been Burnt Before...": "Once per turn during this model’s activation, it may remove the burning or poison condition from another model within 4\". If it does so, if it then makes a sprint or charge during its activation it may do so without spending influence.",
  "Noxious Death": "When this model suffers the taken out condition during the Activation Phase, enemy models within this pulse suffer 3 DMG and the poison condition.",
  "Resilience": "The first time each turn this model is hit by an enemy attack or character play that targets this model, before triggering other abilities, the attack or character play is unsuccessful and the hit is ignored.",
  "Rush Keeper": "While this model is within 4\" of a friendly goalpost, once per turn when an enemy model ends an advance within 6\" of this model, this model may immediately declare a charge targeting the enemy model without spending influence.",
  "Sentinel": "While within this aura, friendly Apprentice models gain +1 ARM.",
  "Tough Hide": "This model suffers -1 DMG from enemy plays and playbook damage results.",
  "Reduction": "Once per turn during this model’s activation, position an AOE within 2\" of this model. Friendly models within this AOE remove all conditions they’re suffering.",
  "Reinforced Plating": "Once per turn when a friendly model within this aura is hit by an enemy character play, the model hit may ignore all damage and effects of the character play.",
  "Quench": "When a friendly model within this aura suffers damage from an enemy character play, after the character play is resolved, the friendly model may recover 1 HP.",
  "Give It a Whack": "When a free ball is within this model’s melee zone during its activation, it may make a kick as if it were in possession of the ball. The kick distance and ball path of this kick are measured from the current location of the free ball.",
  "Get Over Here": "Once during this model’s activation, if the named friendly model is within 10\" of this model, the named friendly model may make a dodge up to its base-move towards this model.",
  "Searing Strike": "Enemy models damaged by this model suffer -1 ARM for the remainder of the turn and the burning condition.",
  "Match Experience": "When a friendly model within this aura uses Pass & Move, both the receiving and the kicking models may make a 4\" dodge instead of only one being able to do so.",
  "Sturdy": "This model may ignore the first knocked down condition placed upon it each turn.",
  "Back to the Shadows": "At the end of this model’s activation, if it caused damage during the activation, it may make a 4\" dodge.",
  "Arsenal": "If this model starts its activation within 6\" of the named friendly model, this model gains a benefit for the remainder of the turn.\nChoose one of the following benefits:\n• +1/+0\" KICK\n• Anatomical Precision\n(Anatomical Precision: During an attack from this model enemy models suffer −1 ARM.)",
  "Stamina": "Once per turn at the start of this model’s activation, this model may make a jog.",
  "Tutelage": "If it starts its activation within 6\" of the named friendly model, this model may use a character play once during its activation without spending influence.",
  "Burning Passion": "This model gains +1 DMG to playbook damage results while attacking an enemy model suffering the burning condition.",
  "Bright Shields": "An enemy model that declares a Counter Attack against this model suffers -1 TAC for the duration of the Counter Attack.",
  "Swift Strikes": "During this model’s activation, when it damages one or more enemy models it may make a 2\" dodge.",
  "Far Strike": "Once per turn during this model’s activation, if an enemy model is within 6\" of this model and in its line of sight, this model may declare an attack against the enemy model as if engaging it.",
  "Kindled": "If it starts its activation within 6\" of the named friendly model, this model may make an attack once during its activation without spending influence.",
  "Grim Vengeance": "Once per turn during this model’s activation, when it inflicts the taken out condition on an enemy model, this model may make a 2\" dodge, a kick, or an attack as its next action without spending influence.",
  "Sweeping Charge": "When this model makes a charge during its activation, in addition to one or more playbook damage results, models within this model’s melee zone suffer 3 DMG.",
  "Quick Off the Line": "When an enemy model declares a Shot, before the Shot is resolved, this model may make a 2\" dodge.",
  "Battering Ram": "During this model’s advances, models whose bases are touched by its base immediately suffer a 2\" push directly away from it. This model can only push each model once per turn with Battering Ram.",
  "Close Control": "This model may ignore the first tackle playbook result that it suffers each turn.",
  "Tryhard": "When this model makes a Shot while within 2\" of the enemy goalpost, the TN is reduced by 1.",
  "Powerful Charge": "During a charge, in addition to one or more playbook damage results, the targeted enemy model suffers the knocked down condition.",
  "Barroom Brawl": "When a friendly model declares a charge against an enemy model within this model’s melee zone, the friendly model spends 1 less influence on the charge.",
  "Aria": "While within this aura, other friendly guild models may use heroic plays without spending MP.",
  "Spit and Sawdust": "While this model is on the pitch, friendly guild models still engage enemy models while suffering the knocked down condition.",
  "Legless Drunk": "The first time each turn this model suffers damage, except while making an advance, it suffers a push D6\" in a direction chosen by its controlling player.",
  "Feral": "Once per turn during its activation, this model may declare an attack without spending influence.",
  "Shadow Like": "At the start of this model’s activation, it may make a 2\" dodge.",
  "Pick Me Up": "Once per turn during this model’s activation, target friendly non-Captain model within 4\" gains +1 TAC for the remainder of the turn.",
  "Loved Creature": "The first time each turn this model suffers damage from an enemy attack or play, other friendly models gain +1 TAC for the remainder of the turn.",
  "Assist": "While attacking an enemy model engaged by the named friendly model, this model gains +1 TAC and +1 DMG to playbook damage results.",
  "Defence Support": "While within 4\" of the named friendly model, this model gains +1 DEF.",
  "Shove the Boot In": "This model gains +1 DMG to playbook damage results while attacking an enemy model that is suffering the knocked down condition.",
  "Rowdy": "This model doesn’t suffer crowding out penalties.",
  "Six Pack": "This model begins the game with six beer tokens. This model can have up to six beer tokens at any time.",
  "Taunt": "When this model ends an advance, choose an enemy model within 2\" of this model. The enemy model suffers a 1\" push directly towards this model.",
  "Floored": "While attacking an enemy model that is suffering the knocked down condition, this model gains +2 TAC.",
  "Football Legend": "While within this aura, friendly models gain +1/+1\" KICK.",
  "Magical Brew": "At the start of this model’s activation, remove all conditions it’s suffering. This model recovers 2 HP.",
  "Raise the Stakes": "Once per turn during this model’s activation, it may make a 4\" dodge. After this dodge is resolved, the opposing player may choose one of their models to make a 4\" dodge.",
  "Stack the Deck": "Once per turn at the start of this model’s activation, if the opposing team has the initiative, this model is allocated 1 influence.",
  "The Owner": "While within this aura, friendly guild models gain +1 DMG to character plays that cause damage and to playbook damage results.",
  "Haemophilia": "In the End Phase, before conditions are resolved, this model may heal 1 HP for each enemy model within this aura suffering the bleed condition.",
  "Smell Blood": "When it charges an enemy model suffering the bleed condition, this model gains +0\"/+2\" MOV for the duration of the charge. When it attacks an enemy model suffering the bleed condition, this model gains +1 DMG to playbook damage results.",
  "Berserk": "During its activation, if this model damages an enemy model with an attack, this model may make an additional attack without spending influence. This ability cannot generate a further additional attack from itself.",
  "Blood Lust": "Once per turn when another friendly model starts its activation within this aura, the friendly model may spend 1 influence to gain Berserk for the remainder of the turn.",
  "Vicious": "This model gains +2 TAC and +1 DMG to playbook damage results when making a parting blow.",
  "Vindictive": "When this model charges during its activation, it may spend 1 less influence to do so.",
  "Life Drinker": "When it damages an enemy model with one or more playbook damage results, this model may recover 1 HP.",
  "Crucial Artery": "Enemy models damaged by this model suffer the bleed condition.",
  "Above and Beyond": "Each time this model scores a goal, it gains +1/+0 INF for the remainder of the game.",
  "Field Medic": "During this model’s activation, when it damages an enemy model, choose a friendly model within this aura and remove all conditions the chosen model is suffering.",
  "Support from the Wing": "While within 8\" of the edge of the pitch, this model may spend 1 less influence to charge.",
  "Bleed the Cleats": "Each time this model inflicts damage on an enemy model, this model gains +1/+0\" KICK for the remainder of the turn.",
  "Get On With It, Boy!": "If this model begins its activation within 6\" of the named friendly model, this model may immediately use a character play without spending influence or remove all conditions it is currently suffering.",
  "Magic Touch": "When this model makes a successful attack, it may add an additional T playbook result.",
  "Hooked": "Enemy models damaged by this model suffer the bleed and snared conditions.",
  "Lash Out": "When this model ends its activation, enemy models within its melee zone suffer 3 DMG.",
  "The Old Ways": "Once per turn, when this model inflicts the taken out condition on an enemy model, this model gains The Owner [6\" Aura] for the remainder of the turn.\n(The Owner: While within this aura, friendly guild models gain +1 DMG to character plays that cause damage and to playbook damage results.)",
  "Damaged Target": "When this model declares a charge against a damaged enemy model, it gains +0\"/+2\" MOV for the duration of the charge.",
  "Celebrate THIS!": "If this model is within 4\" of a friendly goalpost, when an enemy model scores a goal, this model gains Fear and Furious for the rest of the game.\n(Fear: The first time each turn an enemy model spends influence on an attack, charge, or character play that targets this model, the enemy model must spend 1 additional influence.\nFurious: When this model makes a charge during its activation, it may do so without spending influence.)",
  "Goal Defence": "Enemy models suffer +1 TN to Shots while this model is within 4\" of a friendly goalpost.",
  "Guild Rule: Intimidation": "During an attack from this model enemy models suffer -1 DEF.",
  "Scathing Rebuke": "Once per turn during this model’s activation, target other friendly model within 6\" of this model may make a 2\" dodge and remove any conditions it is currently suffering.",
  "Big Belly": "When an enemy model damages this model with one or more playbook damage results, after the attack is resolved the enemy model suffers a 1\" push directly away from this model.",
  "Icing on the Cake": "This model gains +2/+2\" KICK when making a snap shot.",
  "Momentous Inspiration": "While within this aura, when friendly models hit one or more enemy models with a character play that causes damage, after resolving the play the friendly team gains 1 MP. While within this aura, friendly models may use Bonus Time! without spending MP once per character play.",
  "Reanimate": "Once per turn when this model is reduced to 0 HP, before suffering the taken out condition it may recover 3 HP and remove all conditions it's suffering.",
  "Well Oiled Machine": "Once per turn when a friendly model receives a successful pass, the friendly model may immediately make a pass without spending influence instead of using Pass & Move or making a Snap Shot.",
  "Follow My Lead": "While this model is on the pitch, friendly Squaddie models gain +1 TAC.",
  "Tow": "At the end of an advance made by this model during its activation, friendly models that this model moved within 2\" of during the advance may make a jog directly towards this model.",
  "Launch Control": "Once per turn during its activation, this model may use Long Bomb and make a pass without spending influence.",
  "Spider Nests": "Once per turn during its activation, this model may place a friendly 30mm nest marker within 4\". A player may have up to three friendly nest markers on the pitch at once. When a model moves into base contact with a nest marker during a sprint or charge, the nest marker is removed from the pitch.",
  "Spiderlings": "While within 1\" of one or more friendly nest markers, enemy models suffer the crowding out penalty.",
  "Webbing": "Once per turn during this model’s activation, if there is a friendly nest marker within 4\" of this model and within 2\" of a free ball this model may gain possession of the ball.",
  "Stoic": "This model may ignore the first push that it suffers each turn.",
  "If You Can Dodge a Wrench...": "When this model causes damage to an enemy model in possession of the ball, the enemy model loses possession of the ball. Perform a circular scatter with the template centred on the target enemy model.",
  "Inspiring Hat": "While within this aura, other friendly models may spend 1 less MP to use Pass & Move or make a Snap Shot.",
  "Learn From The Best": "When it starts its activation within 4\" of a friendly model of the named type, this model may use a character play once during the activation without spending influence.",
  "True Replication": "Once per turn during this model’s activation, choose a character play of a friendly non-Captain guild model within 6\". This model gains the chosen character play for the remainder of the turn.",
  "Gravity Well": "When an enemy model ends an advance engaging this model, the enemy model immediately suffers a 2\" push directly towards this model.",
  "Goal of the Month": "When this model makes a successful shot, it scores a Screamer if any double is rolled.",
  "Roulette": "At the start of this model’s activation, choose one effect. The chosen effect lasts until the end of this model’s activation.\n• This model gains +1\"/+1\" MOV.\n• This model gains +1 TAC.\n• This model gains +0/+2\" KICK.",
  "Fixer": "Once per turn during this model’s activation, target friendly model within 4\" of this model may remove all conditions it’s suffering.",
  "Lend a Hand": "When a friendly model gains the ganging up bonus from this model, the friendly model gains an additional +1 TAC.",
  "Death from Above": "During its activation, if an enemy model is within 6\" of this model, in this model’s line of sight, and within a friendly Harrier AOE, this model may declare an attack against the enemy model as if engaging it. This attack gains +5 TAC. After this attack is resolved, remove this Harrier AOE from the pitch.",
  "Flying": "When this model moves, it ignores terrain and other model's bases. It can't end its movement overlapping another base, an obstruction, or a barrier.",
  "Hunter's Prey": "Enemy models damaged by this model suffer the snared condition.",
  "Feathered Friends": "While within a friendly Harrier AOE, this model gains +1 TAC and cover.",
  "Updraft": "Once per turn when it advances through a Harrier AOE, this model may gain +2\"/+2\" MOV for the duration of the advance.",
  "Hawk Eye": "Once per turn during this model’s activation, if an enemy model is within 6\" of this model and in its line of sight, this model may declare an attack without spending influence against the enemy model as if engaging it.",
  "Easy Pickings": "While attacking an enemy model with lower current HP than its recovery level, this model gains +1 DMG to playbook damage results.",
  "Nocturnal Hunting": "When an enemy model suffers the taken out condition while within this aura, after current actions are resolved this model may use Encourage without spending MP.",
  "For the Family": "While within this aura, friendly guild models gain +1/+2\" KICK.",
  "Planting Master": "Once per turn during this model’s activation, it may place up to two friendly harvest markers within 4\".",
  "Crow Scarer": "While this model is within 2\" of a friendly harvest marker, it gains Poised.\n(◉ Poised: Once per turn this model may declare a Counter-Attack without spending MP.)",
  "Don't Fear The...": "Once per turn during this model’s activation, it may choose a friendly harvest marker within 2\" and remove it from the pitch. If it does, models within its melee zone suffer 3 DMG.",
  "Harvest Supper": "While this model is on the pitch, friendly models gain Subsistence.\n(◉ Subsistence: Once per turn during this model’s activation, it may choose a friendly harvest marker within 2\" and remove that marker from the pitch. If it does, this model may recover 4 HP.)",
  "Fertiliser": "When this model suffers the taken out condition during the Activation Phase, it may place a friendly harvest marker within 2\".",
  "Pain Response": "When this model suffers damage from an enemy attack or character play, except while making an advance, it may make a 1\" dodge.",
  "Ass Kicking": "Once per turn when this model makes a successful attack, after resolving playbook results, the target enemy model suffers a 4\" push directly away from this model.",
  "Carrot & Stick": "Once per turn during this model’s activation, it may choose a friendly harvest marker within 2\" and remove it from the pitch. If it does, it may immediately make an additional jog.",
  "Left Boot": "Once per turn during this model’s activation, it may choose a friendly harvest marker within 2\" and remove it from the pitch. If it does, this model gains +1/+2\" KICK and may make a kick during its activation without spending influence.",
  "One of Our Own": "The first time each turn a friendly non Mascot model suffers the taken out condition within this aura, this model gains +2 TAC for the remainder of the turn.",
  "Cabbage Punt": "Once per turn during this model’s activation, it may choose a friendly harvest marker within 2\" and remove that marker from the pitch. If it does, this model may then use a character play once during its activation without spending influence.",
  "Between a Rock...": "Once per turn when another friendly model within this aura suffers damage from an enemy attack or play, except while the friendly model is making an advance, this model may make a jog.",
  "Making Hay": "At the start of this model’s activation, it may remove any number of friendly harvest markers from the pitch that are within 4\". This model is allocated 2 influence for each friendly harvest marker removed in this way.",
  "Protective Instinct": "While engaging this model, an enemy model can’t declare an attack against any other friendly model.",
  "With Age Comes Wisdom": "At the start of each other friendly models’ activation, this model gains +1 TAC for the remainder of the turn.",
  "Planting Season": "Once per turn during this model’s activation, it may place a friendly harvest marker within 2\".",
  "Rapid Growth": "During the End Phase, before conditions are resolved, friendly models within this aura may recover 2 HP.",
  "Faithful Protector": "Enemy models suffer -1 TAC while attacking this model.",
  "Fields of Wheat": "Once per turn during this model’s activation, it may choose one friendly harvest marker within this pulse, remove it from the pitch, and place one friendly harvest marker anywhere within this pulse.",
  "If I Only Had a Brain": "Once per turn during its activation, this model may choose a friendly harvest marker or friendly goalpost within 4\". Place this model in base contact with the chosen harvest marker or goalpost.",
  "The Last Straw": "At the end of its activation, this model may choose a friendly harvest marker within 4\". Place this model in base contact with the chosen harvest marker.",
  "Take One for the Team": "Once per turn when a friendly guild model within this aura suffers any condition except the taken out condition that this model isn't already suffering, this model may suffer that condition instead of the friendly model.",
  "Fertile Soil": "Once per turn when a friendly model places one or more friendly harvest markers within this aura, place one additional friendly harvest marker within this aura.",
  "True Path": "While within this aura friendly models may use Gliding without spending MP.",
  "Fork Off!": "Once per turn when an enemy model ends an advance within 6\" of this model, if this model isn't engaged it may immediately remove a friendly harvest marker within 2\" to declare a charge targeting the enemy model without spending influence.",
  "Make It Rain": "This model may select play icon playbook results when making a parting blow.",
  "Big Breakfast": "Once per turn at the start of this model’s activation, it may choose a friendly harvest marker within 2\" and remove that marker from the pitch. If it does, this model is allocated 1 influence and gains +2\"/+2\" MOV for the remainder of the turn.",
  "Empathy": "While attacking this model, playbook damage results don't generate MP.",
  "Coup de Grâce": "Once per turn when an enemy model suffers the taken out condition while within this aura, the friendly team gains +3 MP.",
  "Last Cast Catches the Most": "While this model is on the pitch, when a friendly model scores a goal, if it does not use Run the Length, the activation does not immediately end.",
  "Beating Wings Over Water": "Once per turn during this model’s activation, choose another friendly model within 8\". The chosen model gains Flying.\n(Flying: When this model moves, it ignores terrain and other models’ bases. It can't end its movement overlapping another base, an obstruction, or a barrier.)",
  "Tag Along": "Once per turn after a friendly model ends an advance that caused it to leave this model’s melee zone, this model may immediately make a jog directly towards that model.",
  "Fear": "The first time each turn an enemy model spends influence on an attack, charge, or character play that targets this model, the enemy model must spend 1 additional influence.",
  "Talisman": "Once per turn during this model’s activation, it may use a character play without spending influence.",
  "Resolute": "When this model targets an enemy model with a Counter-Attack, this model gains +2 TAC for the duration of the Counter-Attack.",
  "Backfield Presence": "While attacking a model that is in possession of the ball, this model gains +2 TAC.",
  "Close Ranks": "When this model causes an enemy model to suffer the crowding out penalty, the enemy model suffers an additional -1 dice pool.",
  "Lightning Reflexes": "Once per turn when an enemy model ends a dodge within this aura, this model may immediately make a jog directly towards the enemy model.",
  "Cover of Darkness": "When this model starts an advance while benefitting from cover, it gains +2\"/+2\" MOV for the duration of the advance.",
  "Poised": "Once per turn this model may make a Counter-Attack without spending MP.",
  "Bag of Coffers": "Once per turn during this model’s activation, choose a friendly non-Captain model within 4\". The chosen model is allocated 1 influence and may use Bonus Time once during its activation without spending MP.",
  "Beautiful": "Enemy character plays targeting this model suffer -5\" RNG.",
  "Protected": "While within 4\" of the named friendly model, this model gains +1 ARM.",
  "Escaping Fate": "Once per turn when this model is reduced to 0 HP, except while making an advance, before suffering the taken out condition it may recover 1 HP, remove all conditions on it, and make a 2\" dodge.",
  "Nature's Growth": "At the start of this model’s activation, it may position an AOE within 8\" and not in contact with terrain. The AOE is forest terrain and is removed in the End Phase.",
  "Nature's Chill": "At the start of this model’s activation, it may position an AOE within 8\" and not in base contact with terrain. This AOE is fast terrain and is removed from the pitch in the End Phase.",
  "Bring Them Down": "While this model is on the pitch, friendly human models gain Big Game Traps.\n(Big Game Traps: Once per turn during this model’s activation, it may place a friendly trap marker within 2\".)",
  "Expert Trapper": "While this model is on the pitch, when an enemy model triggers a trap marker, choose one additional effect:\n• The enemy model suffers Weak Point.\n• The enemy model suffers the bleed condition.",
  "Isolated Target": "This model gains +1 DMG to playbook damage results while attacking an enemy model that is suffering the snared condition.",
  "Linked": "When this model’s activation ends, the named friendly model may immediately take its activation if able to do so.",
  "Pack Mentality": "When another friendly model within this aura that isn't suffering the knocked down condition suffers damage from an enemy attack or play, it may make a 1\" dodge directly towards this model.",
  "Big Game Traps": "Once per turn during this model’s activation, it may place a friendly trap marker within 2\".",
  "Mud Concealer": "While within rough terrain, this model gains +1 DEF.",
  "Unorthodox": "When this model makes a successful attack against an enemy model suffering the snared condition, it may add an additional << playbook result.",
  "Mirage": "Once per turn during this model’s activation, if this model is within a piece of rough ground, fast ground, or a forest, this model may be placed anywhere within that piece of terrain.",
  "Nature's Blessing": "Once per turn during its activation, this model may choose a piece of forest terrain within 4\". This model may be placed anywhere within the chosen forest terrain.",
  "Last Light": "Once per turn during this model’s activation, choose a friendly model within 6\". The chosen model may spend MP instead of influence to pay the CST of its next character play.",
  "Lunar Eclipse": "Each time this model damages an enemy model, after the action is resolved this model may be placed within 1\" of the enemy model.",
  "Winter's Blessing": "When this model makes an advance, it ignores the MOV penalty for rough terrain. When this model moves within one or more pieces of rough terrain during an advance, it gains +2\"/+2\" MOV for the remainder of the advance.",
  "Heightened Senses": "This model gains +1 DEF against attacks and character plays made against it by a damaged enemy model.",
  "Ambush": "When charged by this model, enemy models must spend an additional +1 MP to use Defensive Stance.",
  "Lone Hunter": "While not within 4\" of another friendly model, this model may spend 1 less influence to charge.",
  "Knockback": "When this model makes a successful attack, after resolving playbook results, the target enemy model suffers a 1\" push directly away from this model. This model may then make a 1\" dodge directly towards the enemy model.",
  "Making Space": "While this model on the pitch, once per activation when a friendly guild model declares a pass, before choosing a target, another friendly guild model may make a 4\" dodge. Each friendly model can only dodge once per turn as a result of this trait.",
  "Counter-Charge": "Once per turn when an enemy model ends an advance within 6\" of this model, this model may immediately declare a charge targeting the enemy model without spending influence.",
  "Follow Up": "When an enemy model ends an advance that caused it to leave this model’s melee zone, this model may immediately make a jog directly towards the enemy model.",
  "Put Me Back In, Coach!": "Once per turn when this model suffers the taken out condition, this model may immediately remove the taken out condition and return to the pitch as if it were the Maintenance Phase.",
  "Revelling": "Once per turn when this model inflicts the taken out condition on an enemy model, this model gains +2 ARM for the remainder of the turn.",
  "Adaptive Strategy": "Once per turn during this model’s activation, choose another friendly model within this pulse. Remove any amount of influence from a friendly model within this pulse and allocate it to the chosen model.",
  "Family": "If this model starts an activation within 8\" of the named friendly model, this model may replace its TAC and KICK with the named model’s unmodified TAC and KICK values for the remainder of the turn.",
  "Animosity": "This model ignores character traits from the named friendly model.",
  "Team Player": "While within this aura, when a friendly model suffers damage, this model may suffer the damage instead. When this model suffers damage using Team Player, any damage in excess of this model's HP is applied to the original model.",
  "Extended Reach": "During its activation this model’s melee zone is 3\".",
  "Forceful Blow": "When this model makes a successful attack during a charge, after resolving playbook results, the target enemy model suffers a 2\" push directly away from this model and 2 DMG.",
  "Guild Rule: Secret Tunnel": "At the start of this model’s activation, it may be placed within 2\" of its current location.",
  "Stop, Drop, and Mole": "Once per turn during this model’s activation, target friendly model within 4\" may remove all conditions it’s suffering.",
  "You're Coming With Me": "Once per turn during this model's activation, before this model is placed, choose a friendly model in base contact with this model. After this model is placed, place the chosen model in base contact with this model.",
  "Remote Detonation": "Once per turn during this model’s activation, if there is a free ball within 6\" of this model, this model may make a kick as if it was in possession of the ball. The kick distance and ball path of this kick are measured from the current location of the free ball.",
  "Sapper's Instincts": "This model gains +2 DEF against enemy character plays.",
  "Voodoo Strings": "During this model’s activation, when it damages an enemy model with one or more playbook damage results, choose a model within this aura to suffer a 2\" push. Each model can be pushed by Voodoo Strings only once per turn.",
  "Control Strings": "At the start of each friendly model’s activation, this model may make a 2\" dodge.",
  "Grave Candle": "When a friendly model within this aura is reduced to 0 HP, before suffering the taken out condition the friendly model may recover health up to its recovery level. If it does, the enemy team gains 2 VP.",
  "Creeping Dread": "At the start of this model's activation, the friendly team gains +2 MP.",
  "Dark Doubts": "When this model suffers the taken out condition as a result of an enemy attack or play, after resolving the attack or play the enemy team suffers -2 MP.",
  "Slippery": "This model gains +1 DEF against parting blows that target it.",
  "Swift Wind": "When this model moves by advancing or dodging, it may pass over other models’ bases. It can't end its movement overlapping another model’s base.",
  "One, Two!": "When this model makes a pass that targets the named friendly model, this model gains +2/+2\" KICK for the duration of the pass. When the named friendly model receives a successful pass from this model, it may spend 1 less MP to use Pass & Move or to make a Snap Shot.",
  "Thought": "At the start of this model’s activation, if the named friendly model is suffering the taken out condition, remove the taken out condition from it and place it within 2\" of this model with full HP.",
  "Benched": "This model can’t be selected for a team but is automatically added when the named friendly model is selected for a team. This model doesn’t count towards your maximum team size allowance.",
  "Inanimate Object": "This model doesn’t activate. This model doesn’t generate VP when it suffers the taken out condition. This model doesn't return to play during the Maintenance Phase if it's suffering the taken out condition.",
  "Foul Odour": "Enemy models treat this aura as rough terrain.",
  "The Knowledge": "While within this aura, friendly squaddie models gain +1 DMG to character plays that cause damage and to playbook damage results.",
  "Rising Anger": "The first time this model is damaged by an enemy model each turn, the friendly team gains 2 MP.",
  "Soul Seer": "Once per turn during this model’s activation, it may suffer 3 DMG to spend 1 less influence to use a character play.",
  "Kick Support": "While within 4\" of the named friendly model, this model gains +1/+1\" KICK.",
  "Tenacity": "When this model uses a character play, it may change the CST of the character play to 1 or 2.",
  "Guild Rule: Precise Calculations": "This model may reroll any number of dice during its attacks and kicks.",
  "Stormwind": "When this model hits an enemy model with a character play, the enemy model suffers the knocked down condition.",
  "About Their Necks": "The first time each turn this model suffers damage from an enemy attack or play, enemy models suffer -1 TAC for the remainder of the turn.",
  "Gladiator": "When this model declares a counter-attack, it gains +1 DEF for the duration of the enemy attack.",
  "Blessings of Old": "This model can’t suffer more than 2 DMG from any action.",
  "Sharp Eyes": "When a friendly model begins its activation within this aura, the friendly model gains Anatomical Precision for the duration of its activation.\n(Anatomical Precision: During an attack from this model enemy models suffer -1 ARM.)",
  "Don't Get Cocky": "When this model suffers the taken out condition, the enemy team gains 1 VP instead of 2 VP. When this model returns to the pitch after suffering the taken out condition, it may treat the enemy team’s deployment zone as its own.",
  "Stellar Navigation": "Once per turn during its activation, this model may make a 5\" dodge.",
  "Scores for Fun": "When this model makes a Shot during its activation, the TN is reduced by 1.",
  "Playmaker": "Once per turn when a friendly model within this aura makes a pass, it may make that pass without spending influence.",
  "Flagellant": "Once per turn during this model’s activation, this model may choose a friendly model within 4\". The chosen model removes all conditions on it and this model suffers 4 DMG.",
  "Potbellied Pass": "Once per turn when this model receives a successful pass, instead of using Pass & Move or making a Snap Shot, it may spend 1 MP to make a pass without spending influence.",
  "Impart Faith": "When this model makes a character play, the range of the play may be measured from a friendly model within this aura instead of this model.",
  "Skilled within Shadow": "While attacking an enemy model that’s benefitting from cover, this model gains +2 TAC for the duration of the attack.",
  "Haunting Melody": "Once per turn during this model’s activation, this model may choose an enemy model within 8\". The opposing player chooses one of the following:\n• This model makes a jog towards the chosen model.\n• The chosen model makes a jog towards this model and is a friendly model for the duration of this action.",
  "Predatory Instinct": "When this model makes an attack, if it has more current HP than the target model, the attack gains +1 net hit.",
  "Carrier": "This model starts the game suffering the disease condition. During the End Phase, before conditions are resolved, this model suffers the disease condition.",
  "Salve": "When a friendly model suffering the disease condition starts its activation within this aura, it may remove one condition it’s suffering.",
  "Virulent Strain": "While within this aura, enemy models suffering the disease condition suffer -1 TAC and -1 DEF.",
  "Cloak of Rats": "At the end of this model’s activation, the opposing player chooses one of the following:\n• Enemy models within this pulse suffer the snared condition.\n• Enemy models within this pulse suffer 3 DMG.",
  "Grim Caress": "When an enemy model ends an activation engaging this model, the enemy model suffers 3 DMG.",
  "Killer": "This model gains +1 DMG to playbook damage results while attacking models of the named type.",
  "Good Feet, for a Big Man": "This model may make passes without spending influence. Friendly models may make passes to this model without spending influence.",
  "Plague Ridden": "While suffering the disease condition, this model gains +1 DMG to playbook damage results.",
  "Protect the Ball": "Once per turn during this model’s activation, it may choose a friendly harvest marker within 2\" and remove it from the pitch. If it does, friendly models within the pulse gain Close Control for the remainder of the turn.\n(Close Control: This model may ignore the first tackle playbook result that it suffers each turn.)",
  "Sheep Become the Shepherds": "If this model suffers the taken out condition during the Activation Phase, friendly models are allocated influence up to their max INF.",
  "Heartless Brute!": "When an enemy model inflicts the taken out condition on this model, the enemy model suffers Singled Out for the remainder of the turn.\n(Singled Out: Friendly models gain +2 TAC while attacking target enemy model.)",
  "Herding": "Once per turn during this model’s activation, it may choose a friendly harvest marker within 2\" and remove it from the pitch. If it does, choose an enemy model within 3\". The chosen enemy model suffers a 3\" push.",
  "Littermates": "If this model suffers the taken out condition the named friendly model gains Furious and +4 TAC for the remainder of the turn.\n(Furious: When this model makes a charge during its activation, it may do so without spending influence.)",
  "Matched Pair": "This model and the named friendly model are treated as a single Squaddie during team selection. While the named friendly model is on the pitch, this model activates simultaneously with it. When this model suffers the taken out condition, the enemy team gains 1 VP instead of 2 VP.",
  "Workhorse": "If this model suffers the taken out condition it may place up to 5 friendly harvest markers anywhere on the pitch.",
  "Baa-ttering Ram": "During this model’s advances, models whose bases are touched by its base immediately suffer a 4\" push directly away from it. This model can only push each model once per turn with Baa-ttering Ram.",
  "Flock": "When this model ends an advance, one other friendly model within this pulse may make a 2\" dodge.",
  "Have You Any Wool?": "If this model suffers the taken out condition friendly models gain +2 ARM for the remainder of the turn.",
  "All About The Game": "If this model suffers the taken out condition friendly models gain +1/+1\" KICK for the remainder of the turn.",
  "Shearing": "Once per turn during this model’s activation, it may choose a friendly harvest marker within 2\" and remove it from the pitch. If it does, this model may make a 4\" dodge.",
  "Do the Thing!": "Once per turn a friendly model may take a second activation.",
  "Lance": "When this model makes a charge, this model gains an additional +2 TAC and +1 DMG to playbook damage results for the duration of the charge.",
  "Shelling Out": "Friendly models within this aura gain +1 TAC. When a friendly model within this aura inflicts the taken out condition on an enemy model, the friendly team gains an additional 1 MP.",
  "Trusty Steed": "This model fills the roles of both Captain and Mascot in your team. This model generates 2 VPs when it suffers the taken out condition. Avarisse may not be selected for your team if this model is your captain.",
  "Contract": "While the named friendly model is on the pitch, this model activates simultaneously with it.",
  "Drop Off": "Once per turn during this model’s activation, if the named friendly model isn't on the pitch and isn't suffering the taken out condition, it may be placed on the pitch in base contact with this model.",
  "Thuggery": "While this model is within 1\" of the named friendly model, this model gains +1 DMG to playbook damage results and may add a KD playbook result to each successful attack it makes.",
  "Pick Up": "Once per turn during this model's activation, if this model isn't in possession of the ball and is in base contact with the friendly Avarisse, this model may remove all conditions it's suffering and remove itself from the pitch.",
  "Ready to Go": "This model may be allocated influence while not on the pitch.",
  "With Aplomb": "When this model scores a goal with a snap shot, the friendly team gains +1 VP.",
  "Back to Black": "Once per turn, during this model's activation, it may remove the burning condition from a friendly model within 6\". If it does so, that model may immediately make a 4\" dodge.",
  "Blinded by the Light": "While this model is suffering the burning condition, enemy models suffer -1 TAC while attacking this model.",
  "Flare Out": "While this model is on the pitch, friendly models which are suffering the burning condition gain Overheat.\n(Overheat [3\" Pulse]: When this model suffers the taken out condition during the Activation Phase, enemy models within this pulse suffer 3 DMG and the burning condition.)",
  "The Ladderman Cometh": "If this model is not suffering from the burning condition, it gains Extended Reach.\n(Extended Reach: During its activation this model's melee zone is 3\".)",
  "Light Goes On": "While this model is suffering from the burning condition, it gains +2 TAC and Searing Strike.\n(Searing Strike: Enemy models damaged by this model suffer -1 ARM for the remainder of the turn and the burning condition.)",
  "Light Goes Off": "At the end of this model's activation, it may remove the burning condition from itself and then immediately make a 4\" dodge.",
  "Ring of Fire": "When this model scores a goal, if it does not use Run the Length, models within this pulse suffer the burning condition.",
  "Spotlight": "If this model is suffering the burning condition, it gains +1/+2 KICK and ignores engaging and intervening penalties when making a kick.",
  "Afterglow": "When this model is suffering the burning condition, when a friendly model within this aura spends MP, that model may recover 2 HP. Each model may recover HP from Afterglow only once per turn.",
  "Now You See Me...": "While not suffering the burning condition, this model gains Unpredictable Movement.\n(◉ Unpredictable Movement: Once per turn when an enemy model ends an advance in this model's melee zone, this model may immediately make a 2\" Dodge.)",
  "Clumsy": "Enemy models entering or starting their activations within this aura suffer the burning and poison conditions.",
  "Flash Point": "Once per turn, during this model's activation, you may remove the Burning condition from this model. If you do, enemy models within this pulse suffering the burning condition suffer -1 TAC and -1\"/-1\" MOV for the rest of the turn.",
  "Natural Baller": "Once per turn, when this model gains possesion of a ball marker, this model may immediately be allocated 1 influence.",
  "Dread Captain": "Once per turn, when this model makes an Attack you may reroll up to 2 dice.",
  "Scummy Snack": "When a friendly named model activates within 4\" of this model, the friendly named model may be allocated 1 influence.",
  "Who's a Good Boy": "Once per turn, when targeting a friendly named model with a character play, this model may use the character play without spending influence.",
  "Bait And Switch": "When this model scores a goal, if it does not use Run the Length, enemy models within this pulse suffer either the snared or bleed condition."
}
