{
  "Fulmination": "Fulmination",
  "Midas Touch": "Midas Touch",
  "Unpredictable Movement": "Unpredictable Movement",
  "Cloud Jumper": "Cloud Jumper",
  "Watch The World Burn": "Watch The World Burn",
  "Burning Spirit": "Burning Spirit",
  "Gimme Fuel...": "Gimme Fuel...",
  "Backdraft": "Backdraft",
  "Furious": "Furious",
  "Inferno": "Inferno",
  "Waning Light": "Waning Light",
  "Beaker Keeper": "Beaker Keeper",
  "Light Footed": "Light Footed",
  "Overheat": "Overheat",
  "Test Subject": "Test Subject",
  "Venomous Strike": "Venomous Strike",
  "Poisonous Fumes": "Poisonous Fumes",
  "Reactive Solution": "Reactive Solution",
  "Spillage": "Spillage",
  "Extraction": "Extraction",
  "Chemical Admixture": "Chemical Admixture",
  "Covalence": "Covalence",
  "Anatomical Precision": "Anatomical Precision",
  "Deadeye": "Deadeye",
  "Elusive": "Elusive",
  "Burning Effigy": "Burning Effigy",
  "Burning Strike": "Burning Strike",
  "Pyromaniac": "Pyromaniac",
  "Burst of Fumes": "Burst of Fumes",
  "Toxicity": "Toxicity",
  "Witness Me!": "Witness Me!",
  "Debilitating Strike": "Debilitating Strike",
  "Melting Body": "Melting Body",
  "Secretion": "Secretion",
  "I've Been Burnt Before...": "I've Been Burnt Before...",
  "Noxious Death": "Noxious Death",
  "Resilience": "Resilience",
  "Rush Keeper": "Rush Keeper",
  "Sentinel": "Sentinel",
  "Tough Hide": "Tough Hide",
  "Reduction": "Reduction",
  "Reinforced Plating": "Reinforced Plating",
  "Quench": "Quench",
  "Give It a Whack": "Give It a Whack",
  "Get Over Here": "Get Over Here",
  "Searing Strike": "Searing Strike",
  "Match Experience": "Match Experience",
  "Sturdy": "Sturdy",
  "Back to the Shadows": "Back to the Shadows",
  "Arsenal": "Arsenal",
  "Stamina": "Stamina",
  "Tutelage": "Tutelage",
  "Burning Passion": "Burning Passion",
  "Bright Shields": "Bright Shields",
  "Swift Strikes": "Swift Strikes",
  "Far Strike": "Far Strike",
  "Kindled": "Kindled",
  "Grim Vengeance": "Grim Vengeance",
  "Sweeping Charge": "Sweeping Charge",
  "Quick Off the Line": "Quick Off the Line",
  "Battering Ram": "Battering Ram",
  "Close Control": "Close Control",
  "Tryhard": "Tryhard",
  "Powerful Charge": "Powerful Charge",
  "Barroom Brawl": "Barroom Brawl",
  "Aria": "Aria",
  "Spit and Sawdust": "Spit and Sawdust",
  "Legless Drunk": "Legless Drunk",
  "Feral": "Feral",
  "Shadow Like": "Shadow Like",
  "Pick Me Up": "Pick Me Up",
  "Loved Creature": "Loved Creature",
  "Assist": "Assist",
  "Defence Support": "Defence Support",
  "Shove the Boot In": "Shove the Boot In",
  "Rowdy": "Rowdy",
  "Six Pack": "Six Pack",
  "Taunt": "Taunt",
  "Floored": "Floored",
  "Football Legend": "Football Legend",
  "Magical Brew": "Magical Brew",
  "Raise the Stakes": "Raise the Stakes",
  "Stack the Deck": "Stack the Deck",
  "The Owner": "The Owner",
  "Haemophilia": "Haemophilia",
  "Smell Blood": "Smell Blood",
  "Berserk": "Berserk",
  "Blood Lust": "Blood Lust",
  "Vicious": "Vicious",
  "Vindictive": "Vindictive",
  "Life Drinker": "Life Drinker",
  "Crucial Artery": "Crucial Artery",
  "Above and Beyond": "Above and Beyond",
  "Field Medic": "Field Medic",
  "Support from the Wing": "Support from the Wing",
  "Bleed the Cleats": "Bleed the Cleats",
  "Get On With It, Boy!": "Get On With It, Boy!",
  "Magic Touch": "Magic Touch",
  "Hooked": "Hooked",
  "Lash Out": "Lash Out",
  "The Old Ways": "The Old Ways",
  "Damaged Target": "Damaged Target",
  "Celebrate THIS!": "Celebrate THIS!",
  "Goal Defence": "Goal Defence",
  "Guild Rule: Intimidation": "Guild Rule: Intimidation",
  "Scathing Rebuke": "Scathing Rebuke",
  "Big Belly": "Big Belly",
  "Icing on the Cake": "Icing on the Cake",
  "Momentous Inspiration": "Momentous Inspiration",
  "Reanimate": "Reanimate",
  "Well Oiled Machine": "Well Oiled Machine",
  "Follow My Lead": "Follow My Lead",
  "Tow": "Tow",
  "Launch Control": "Launch Control",
  "Spider Nests": "Spider Nests",
  "Spiderlings": "Spiderlings",
  "Webbing": "Webbing",
  "Stoic": "Stoic",
  "If You Can Dodge a Wrench...": "If You Can Dodge a Wrench...",
  "Inspiring Hat": "Inspiring Hat",
  "Learn From The Best": "Learn From The Best",
  "True Replication": "True Replication",
  "Gravity Well": "Gravity Well",
  "Goal of the Month": "Goal of the Month",
  "Roulette": "Roulette",
  "Fixer": "Fixer",
  "Lend a Hand": "Lend a Hand",
  "Death from Above": "Death from Above",
  "Flying": "Flying",
  "Hunter's Prey": "Hunter's Prey",
  "Feathered Friends": "Feathered Friends",
  "Updraft": "Updraft",
  "Hawk Eye": "Hawk Eye",
  "Easy Pickings": "Easy Pickings",
  "Nocturnal Hunting": "Nocturnal Hunting",
  "For the Family": "For the Family",
  "Planting Master": "Planting Master",
  "Crow Scarer": "Crow Scarer",
  "Don't Fear The...": "Don't Fear The...",
  "Harvest Supper": "Harvest Supper",
  "Fertiliser": "Fertiliser",
  "Pain Response": "Pain Response",
  "Ass Kicking": "Ass Kicking",
  "Carrot & Stick": "Carrot & Stick",
  "Left Boot": "Left Boot",
  "One of Our Own": "One of Our Own",
  "Cabbage Punt": "Cabbage Punt",
  "Between a Rock...": "Between a Rock...",
  "Making Hay": "Making Hay",
  "Protective Instinct": "Protective Instinct",
  "With Age Comes Wisdom": "With Age Comes Wisdom",
  "Planting Season": "Planting Season",
  "Rapid Growth": "Rapid Growth",
  "Faithful Protector": "Faithful Protector",
  "Fields of Wheat": "Fields of Wheat",
  "If I Only Had a Brain": "If I Only Had a Brain",
  "The Last Straw": "The Last Straw",
  "Take One for the Team": "Take One for the Team",
  "Fertile Soil": "Fertile Soil",
  "True Path": "True Path",
  "Fork Off!": "Fork Off!",
  "Make It Rain": "Make It Rain",
  "Big Breakfast": "Big Breakfast",
  "Empathy": "Empathy",
  "Coup de Grâce": "Coup de Grâce",
  "Last Cast Catches the Most": "Last Cast Catches the Most",
  "Beating Wings Over Water": "Beating Wings Over Water",
  "Tag Along": "Tag Along",
  "Fear": "Fear",
  "Talisman": "Talisman",
  "Resolute": "Resolute",
  "Backfield Presence": "Backfield Presence",
  "Close Ranks": "Close Ranks",
  "Lightning Reflexes": "Lightning Reflexes",
  "Cover of Darkness": "Cover of Darkness",
  "Poised": "Poised",
  "Bag of Coffers": "Bag of Coffers",
  "Beautiful": "Beautiful",
  "Protected": "Protected",
  "Escaping Fate": "Escaping Fate",
  "Nature's Growth": "Nature's Growth",
  "Nature's Chill": "Nature's Chill",
  "Bring Them Down": "Bring Them Down",
  "Expert Trapper": "Expert Trapper",
  "Isolated Target": "Isolated Target",
  "Linked": "Linked",
  "Pack Mentality": "Pack Mentality",
  "Big Game Traps": "Big Game Traps",
  "Mud Concealer": "Mud Concealer",
  "Unorthodox": "Unorthodox",
  "Mirage": "Mirage",
  "Nature's Blessing": "Nature's Blessing",
  "Last Light": "Last Light",
  "Lunar Eclipse": "Lunar Eclipse",
  "Winter's Blessing": "Winter's Blessing",
  "Heightened Senses": "Heightened Senses",
  "Ambush": "Ambush",
  "Lone Hunter": "Lone Hunter",
  "Knockback": "Knockback",
  "Making Space": "Making Space",
  "Counter-Charge": "Counter-Charge",
  "Follow Up": "Follow Up",
  "Put Me Back In, Coach!": "Put Me Back In, Coach!",
  "Revelling": "Revelling",
  "Adaptive Strategy": "Adaptive Strategy",
  "Family": "Family",
  "Animosity": "Animosity",
  "Team Player": "Team Player",
  "Extended Reach": "Extended Reach",
  "Forceful Blow": "Forceful Blow",
  "Guild Rule: Secret Tunnel": "Guild Rule: Secret Tunnel",
  "Stop, Drop, and Mole": "Stop, Drop, and Mole",
  "You're Coming With Me": "You're Coming With Me",
  "Remote Detonation": "Remote Detonation",
  "Sapper's Instincts": "Sapper's Instincts",
  "Voodoo Strings": "Voodoo Strings",
  "Control Strings": "Control Strings",
  "Grave Candle": "Grave Candle",
  "Creeping Dread": "Creeping Dread",
  "Dark Doubts": "Dark Doubts",
  "Slippery": "Slippery",
  "Swift Wind": "Swift Wind",
  "One, Two!": "One, Two!",
  "Thought": "Thought",
  "Benched": "Benched",
  "Inanimate Object": "Inanimate Object",
  "Foul Odour": "Foul Odour",
  "The Knowledge": "The Knowledge",
  "Rising Anger": "Rising Anger",
  "Soul Seer": "Soul Seer",
  "Kick Support": "Kick Support",
  "Tenacity": "Tenacity",
  "Guild Rule: Precise Calculations": "Guild Rule: Precise Calculations",
  "Stormwind": "Stormwind",
  "About Their Necks": "About Their Necks",
  "Gladiator": "Gladiator",
  "Blessings of Old": "Blessings of Old",
  "Sharp Eyes": "Sharp Eyes",
  "Don't Get Cocky": "Don't Get Cocky",
  "Stellar Navigation": "Stellar Navigation",
  "Scores for Fun": "Scores for Fun",
  "Playmaker": "Playmaker",
  "Flagellant": "Flagellant",
  "Potbellied Pass": "Potbellied Pass",
  "Impart Faith": "Impart Faith",
  "Skilled within Shadow": "Skilled within Shadow",
  "Haunting Melody": "Haunting Melody",
  "Predatory Instinct": "Predatory Instinct",
  "Carrier": "Carrier",
  "Salve": "Salve",
  "Virulent Strain": "Virulent Strain",
  "Cloak of Rats": "Cloak of Rats",
  "Grim Caress": "Grim Caress",
  "Killer": "Killer",
  "Good Feet, for a Big Man": "Good Feet, for a Big Man",
  "Plague Ridden": "Plague Ridden",
  "Protect the Ball": "Protect the Ball",
  "Sheep Become the Shepherds": "Sheep Become the Shepherds",
  "Heartless Brute!": "Heartless Brute!",
  "Herding": "Herding",
  "Littermates": "Littermates",
  "Matched Pair": "Matched Pair",
  "Workhorse": "Workhorse",
  "Baa-ttering Ram": "Baa-ttering Ram",
  "Flock": "Flock",
  "Have You Any Wool?": "Have You Any Wool?",
  "All About The Game": "All About The Game",
  "Shearing": "Shearing",
  "Do the Thing!": "Do the Thing!",
  "Lance": "Lance",
  "Shelling Out": "Shelling Out",
  "Trusty Steed": "Trusty Steed",
  "Contract": "Contract",
  "Drop Off": "Drop Off",
  "Thuggery": "Thuggery",
  "Pick Up": "Pick Up",
  "Ready to Go": "Ready to Go",
  "With Aplomb": "With Aplomb",
  "Back to Black": "Back to Black",
  "Blinded by the Light": "Blinded by the Light",
  "Flare Out": "Flare Out",
  "The Ladderman Cometh": "The Ladderman Cometh",
  "Light Goes On": "Light Goes On",
  "Light Goes Off": "Light Goes Off",
  "Ring of Fire": "Ring of Fire",
  "Spotlight": "Spotlight",
  "Afterglow": "Afterglow",
  "Now You See Me...": "Now You See Me...",
  "Clumsy": "Clumsy",
  "Flash Point": "Flash Point",
  "Natural Baller": "Natural Baller",
  "Dread Captain": "Dread Captain",
  "Scummy Snack": "Scummy Snack",
  "Who's a Good Boy": "Who's a Good Boy",
  "Bait And Switch": "Bait And Switch"
}
